Year,Date,Month,Week,Time,Case,Rainfall,Temperature,Humidity,Wind,Solarradiation,Dew
2019,01/09/2019,Sep,36,1,902,0.5,31.8,71.5,14.8,233.1,25.8
2019,02/09/2019,Sep,36,2,865,1.6,29.6,76.3,18.4,197.7,24.7
2019,03/09/2019,Sep,36,3,783,0.8,30.2,73.4,24.1,219,24.7
2019,04/09/2019,Sep,36,4,820,0.5,30.4,73.6,27.7,184.7,25.1
2019,05/09/2019,Sep,36,5,788,2.9,30.2,76.8,27.7,116.3,25.5
2019,06/09/2019,Sep,36,6,793,1.2,29.9,75.5,29.5,204.9,25
2019,07/09/2019,Sep,36,7,607,3.9,29.1,81.7,22.3,168.3,25.7
2019,08/09/2019,Sep,37,8,761,3.1,29.3,79.5,24.1,166.1,25.3
2019,09/09/2019,Sep,37,9,716,11.2,28.5,85.2,18.4,100.5,25.8
2019,10/09/2019,Sep,37,10,753,3.5,29.6,82.5,14.8,168.2,26.2
2019,11/09/2019,Sep,37,11,634,4.7,29.8,78.5,22.3,178.4,25.6
2019,12/09/2019,Sep,37,12,750,14.3,28.2,87,27.7,93,25.8
2019,13/09/2019,Sep,37,13,673,10.9,27.5,90.8,16.6,101.3,25.8
2019,14/09/2019,Sep,37,14,527,1.8,29.6,76.8,14.8,217.6,24.9
2019,15/09/2019,Sep,38,15,619,1.5,30.6,72.1,14.8,217.2,24.8
2019,16/09/2019,Sep,38,16,653,3.2,29.8,78.2,14.8,199.8,25.4
2019,17/09/2019,Sep,38,17,615,0.7,30.2,77.3,18.4,224.6,25.7
2019,18/09/2019,Sep,38,18,536,2.6,30.8,72.5,14.8,244,25
2019,19/09/2019,Sep,38,19,491,0.5,31.2,70.8,11.2,246.1,25
2019,20/09/2019,Sep,38,20,508,1.7,30.4,73,22.3,231.6,24.8
2019,21/09/2019,Sep,38,21,408,9.1,30,76.6,18.4,220.7,25.3
2019,22/09/2019,Sep,39,22,430,26.4,28.7,81.6,27.7,133.4,25.2
2019,23/09/2019,Sep,39,23,461,7.5,28.1,83.4,22.3,146.9,24.9
2019,24/09/2019,Sep,39,24,469,7.8,27.4,85,18.4,133.4,24.6
2019,25/09/2019,Sep,39,25,460,22.5,26.5,86.8,14.8,65.5,24.1
2019,26/09/2019,Sep,39,26,420,6.9,27.9,80.5,14.8,100.2,24
2019,27/09/2019,Sep,39,27,360,0,28.6,75.6,16.6,172.1,23.7
2019,28/09/2019,Sep,39,28,360,3.3,27.8,81.1,14.8,115.5,24.2
2019,29/09/2019,Sep,40,29,342,21.8,27.2,85.7,13,80,24.5
2019,30/09/2019,Sep,40,30,348,16.2,27.5,82.4,13,133.3,24.2
2019,01/10/2019,Oct,40,31,371,13.5,27,88.1,14.8,99.4,24.9
2019,02/10/2019,Oct,40,32,336,3.3,28.8,76.6,18.4,149.4,24.1
2019,03/10/2019,Oct,40,33,361,3.9,28.6,78.7,18.4,152.2,24.4
2019,04/10/2019,Oct,40,34,326,3.4,29.5,76.1,11.2,175.2,24.7
2019,05/10/2019,Oct,40,35,269,1.8,29.6,77.1,14.8,179.6,25
2019,06/10/2019,Oct,41,36,314,9.3,29,79.2,14.8,171.4,24.9
2019,07/10/2019,Oct,41,37,348,9.8,28.1,82.6,13,180.2,24.8
2019,08/10/2019,Oct,41,38,267,8.4,28.4,78.9,22.3,164.9,24.3
2019,09/10/2019,Oct,41,39,254,13.7,28.3,79,14.8,164.9,24.2
2019,10/10/2019,Oct,41,40,316,19.1,26.2,86.2,14.8,127.8,23.7
2019,11/10/2019,Oct,41,41,238,1.7,28.3,75.5,11.2,162.1,23.3
2019,12/10/2019,Oct,41,42,226,0.1,29.1,72.9,11.2,196,23.4
2019,13/10/2019,Oct,42,43,287,0,29,71,14.8,219,22.9
2019,14/10/2019,Oct,42,44,300,0,28.9,67,14.8,234.2,21.9
2019,15/10/2019,Oct,42,45,301,0,29.4,70.8,14.8,222.6,23.4
2019,16/10/2019,Oct,42,46,283,17,28,79.2,20.5,197.8,23.9
2019,17/10/2019,Oct,42,47,248,0.2,29.2,72.1,9.4,205.6,23.3
2019,18/10/2019,Oct,42,48,178,0.1,30,68.9,14.8,198,23.5
2019,19/10/2019,Oct,42,49,184,0,30,69.2,11.2,208.2,23.5
2019,20/10/2019,Oct,43,50,229,0,30.1,64.3,14.8,210.5,22.1
2019,21/10/2019,Oct,43,51,217,0.5,29.3,67.2,14.8,197.7,22.4
2019,22/10/2019,Oct,43,52,222,1.4,28.9,75,11.2,180.4,23.9
2019,23/10/2019,Oct,43,53,236,7.1,27.8,82.1,14.8,158.6,24.4
2019,24/10/2019,Oct,43,54,210,17.7,23.5,89.2,18.4,28.6,21.6
2019,25/10/2019,Oct,43,55,186,17.2,23.9,87.5,18.4,70.4,21.6
2019,26/10/2019,Oct,43,56,203,38.6,24.8,87.2,14.8,73.2,22.5
2019,27/10/2019,Oct,44,57,257,0.2,25.6,77.3,18.4,146,21.2
2019,28/10/2019,Oct,44,58,251,0,25.9,70.1,16.6,196.6,19.7
2019,29/10/2019,Oct,44,59,248,0,26.5,71.4,11.2,150.1,20.7
2019,30/10/2019,Oct,44,60,263,0,27,69.2,14.8,178.3,20.5
2019,31/10/2019,Oct,44,61,213,0,27.2,68.6,14.8,176.8,20.5
2019,01/11/2019,Nov,44,62,215,0,27.5,70,13,191,21.3
2019,02/11/2019,Nov,44,63,151,0,27.4,67.8,13,200,20.3
2019,03/11/2019,Nov,45,64,184,0,26.9,74,11.2,177.1,21.6
2019,04/11/2019,Nov,45,65,174,0,27,68.7,18.4,185.8,20.3
2019,05/11/2019,Nov,45,66,188,0.1,27.2,71.8,9.4,184.8,21.4
2019,06/11/2019,Nov,45,67,184,0,26.7,75.1,14.8,186.4,21.7
2019,07/11/2019,Nov,45,68,196,0,26.1,69.8,13,201.1,19.9
2019,08/11/2019,Nov,45,69,149,10.4,25.4,80.1,11.2,66.3,21.6
2019,09/11/2019,Nov,45,70,143,30.4,24.2,90.9,22.3,85,22.6
2019,10/11/2019,Nov,46,71,118,54.6,23.9,85.7,37.1,13.8,21.3
2019,11/11/2019,Nov,46,72,128,0.2,26.1,76.4,22.3,70.8,21.4
2019,12/11/2019,Nov,46,73,157,0,26,74.5,14.8,179.6,20.8
2019,13/11/2019,Nov,46,74,167,0,26.5,72.2,11.2,192.8,20.8
2019,14/11/2019,Nov,46,75,150,0,26.8,70.5,11.2,193.8,20.6
2019,15/11/2019,Nov,46,76,97,0,26.4,67.9,13,190.3,19.4
2019,16/11/2019,Nov,46,77,136,0,26.2,68.3,11.2,179.5,19.5
2019,17/11/2019,Nov,47,78,143,0,25.6,71.2,14.8,164.6,19.6
2019,18/11/2019,Nov,47,79,120,0,25.2,70.4,7.6,172.4,19.1
2019,19/11/2019,Nov,47,80,124,0,24.7,74.7,9.4,179,19.7
2019,20/11/2019,Nov,47,81,117,0,24.3,61,11.2,191.9,15.6
2019,21/11/2019,Nov,47,82,123,0,24,69.5,11.2,181.9,17.8
2019,22/11/2019,Nov,47,83,100,0,24,71.3,9.4,172.6,18.2
2019,23/11/2019,Nov,47,84,236,0,24.2,73.8,13,151.5,18.9
2019,24/11/2019,Nov,48,85,92,0,24.3,73.1,11.2,162.1,18.9
2019,25/11/2019,Nov,48,86,112,0,24.3,72.7,11.2,164.5,18.8
2019,26/11/2019,Nov,48,87,98,0,25,73.1,9.4,175.1,19.5
2019,27/11/2019,Nov,48,88,108,0,24.4,70.7,11.2,182.2,18.4
2019,28/11/2019,Nov,48,89,85,0,24.7,71.4,9.4,166.3,18.9
2019,29/11/2019,Nov,48,90,73,0,24.7,71.9,9.4,170.4,18.9
2019,30/11/2019,Nov,48,91,86,0,24.3,69.2,14.8,161.8,17.8
2019,01/12/2019,Dec,49,92,94,0,23.8,67.1,16.6,182.3,16.9
2019,02/12/2019,Dec,49,93,81,0,23,67.9,9.4,173.4,16.3
2019,03/12/2019,Dec,49,94,79,0,22,69.1,9.4,178.6,15.8
2019,04/12/2019,Dec,49,95,75,0,21.5,68.5,11.2,177.1,15
2019,05/12/2019,Dec,49,96,88,0,22.9,66.6,18.4,185.8,15.8
2019,06/12/2019,Dec,49,97,43,0,23.7,63.5,14.8,182.9,15.9
2019,07/12/2019,Dec,49,98,46,0,23.4,61.2,11.2,182.6,14.9
2019,08/12/2019,Dec,50,99,62,0,23.3,64.6,9.4,163.9,15.8
2019,09/12/2019,Dec,50,100,67,0.1,22.5,68.1,11.2,144,16
2019,10/12/2019,Dec,50,101,50,0,21.9,67,14.8,169.9,14.9
2019,11/12/2019,Dec,50,102,36,0,21.5,67.5,14.8,160.9,15
2019,12/12/2019,Dec,50,103,51,0,21.4,69.1,11.2,156.5,15.3
2019,13/12/2019,Dec,50,104,44,0,20.9,70.9,9.4,178.2,14.8
2019,14/12/2019,Dec,50,105,42,0,21.4,69.7,14.8,176.1,15.1
2019,15/12/2019,Dec,51,106,37,0,22,69.9,13,162.7,15.9
2019,16/12/2019,Dec,51,107,25,0,22.1,68.5,11.2,116.6,15.8
2019,17/12/2019,Dec,51,108,49,0,21.1,73.9,14.8,97,16.1
2019,18/12/2019,Dec,51,109,37,0,18,81.7,18.4,176.5,14.8
2019,19/12/2019,Dec,51,110,32,0,15.1,88.9,11.2,161.9,13.3
2019,20/12/2019,Dec,51,111,29,0,15.7,86.8,11.2,157.3,13.5
2019,21/12/2019,Dec,51,112,16,0,14.7,87,13.2,142.1,12.5
2019,22/12/2019,Dec,52,113,19,0,15.4,82.3,9.4,175.4,12.4
2019,23/12/2019,Dec,52,114,35,0,17.6,76.7,13,159.3,13.4
2019,24/12/2019,Dec,52,115,12,0,16.4,84.8,13,182.8,13.8
2019,25/12/2019,Dec,52,116,17,0,16.3,86,9.4,180,13.8
2019,26/12/2019,Dec,52,117,24,3.9,17.2,82.7,9.4,120.1,14.1
2019,27/12/2019,Dec,52,118,22,4.6,17,85.2,18.4,68.8,14.4
2019,28/12/2019,Dec,52,119,10,0,16.3,82.6,16.6,164.4,13.2
2019,29/12/2019,Dec,53,120,5,0,18,74.2,13,182.7,13
2019,30/12/2019,Dec,53,121,10,0,18.5,71.6,11.2,173.3,12.8
2019,31/12/2019,Dec,53,122,10,0,20,71.6,14.8,174,14.3
2020,01/01/2020,Jan,1,123,7,0,21.6,67.5,7.6,168.9,13.8
2020,02/01/2020,Jan,1,124,17,2,21.8,73.5,11.2,153.2,15.5
2020,03/01/2020,Jan,1,125,6,18,19.8,90.5,18.4,105.2,16.4
2020,04/01/2020,Jan,1,126,21,0,20.5,82,9.4,127,15.5
2020,05/01/2020,Jan,2,127,13,0.3,19.6,73.5,13,77.2,15.2
2020,06/01/2020,Jan,2,128,10,0,18.1,75,18.4,176.4,13.9
2020,07/01/2020,Jan,2,129,19,0,15.1,83.5,14.8,182.7,13.1
2020,08/01/2020,Jan,2,130,5,0,17.3,85.5,11.2,178.6,13.3
2020,09/01/2020,Jan,2,131,14,0.3,18.3,78.5,9.4,94.1,14.8
2020,10/01/2020,Jan,2,132,6,0,19.4,77.5,14.8,163.6,14.1
2020,11/01/2020,Jan,2,133,14,0,15.6,91,14.8,163.9,14
2020,12/01/2020,Jan,3,134,3,0,15.4,92.5,16.6,187.7,13.5
2020,13/01/2020,Jan,3,135,10,0,17.9,85,7.6,179.2,13.3
2020,14/01/2020,Jan,3,136,3,0,18.4,91.5,5.4,179,15
2020,15/01/2020,Jan,3,137,4,0,20.1,86.5,11.2,191.1,15.8
2020,16/01/2020,Jan,3,138,0,0,21.4,85.5,9.4,192.4,15.7
2020,17/01/2020,Jan,3,139,1,0,22.4,72.5,11.2,194.2,15.3
2020,18/01/2020,Jan,3,140,3,0,22.8,69,9.4,196,15.7
2020,19/01/2020,Jan,4,141,4,0,22.2,79,18.4,171.6,16.3
2020,20/01/2020,Jan,4,142,2,0,20,69,16.6,145.5,13.9
2020,21/01/2020,Jan,4,143,4,0,18.6,62,13,196.5,12.1
2020,22/01/2020,Jan,4,144,2,0,19.3,55.5,13,203.4,12.6
2020,23/01/2020,Jan,4,145,4,0,18.6,60.5,11.2,112.1,12.5
2020,24/01/2020,Jan,4,146,1,0,18.9,59.5,14.8,175.3,13.3
2020,25/01/2020,Jan,4,147,4,0,17.9,53,11.2,206.8,11.2
2020,26/01/2020,Jan,5,148,2,0,18.2,60,18.4,188.4,12.1
2020,27/01/2020,Jan,5,149,7,0,17.9,67.5,11.2,151.2,13.5
2020,28/01/2020,Jan,5,150,6,0.3,18.3,70.5,5.4,201.7,13.5
2020,29/01/2020,Jan,5,151,1,1,18.8,80,11.2,94.3,16.4
2020,30/01/2020,Jan,5,152,4,0,20.5,81,11.2,130.6,16.3
2020,31/01/2020,Jan,5,153,2,0,21,85,14.8,166.4,16.4
2021,01/01/2021,Jan,1,154,0,0,20.9,67.5,14.8,186.6,14
2021,02/01/2021,Jan,1,155,2,0,21.05,63.5,13,186.1,13.4
2021,03/01/2021,Jan,2,156,5,0,21.2,65,11.2,184.5,14.9
2021,04/01/2021,Jan,2,157,7,0,21.4,64,7.6,182.9,15.1
2021,05/01/2021,Jan,2,158,4,0,22.25,68.5,7.6,184.8,15.4
2021,06/01/2021,Jan,2,159,8,0,22.8,57.5,11.2,184.9,15.7
2021,07/01/2021,Jan,2,160,8,0,23.9,60.5,13,181.5,16.3
2021,08/01/2021,Jan,2,161,8,0,23.2,64,11.2,179.2,16.3
2021,09/01/2021,Jan,2,162,8,0,23.2,70,14.8,184.1,17.1
2021,10/01/2021,Jan,3,163,7,0,22.7,68,13,173.6,16.4
2021,11/01/2021,Jan,3,164,5,0,23.2,70.5,5.4,157.1,18.3
2021,12/01/2021,Jan,3,165,6,0,22.25,70.5,18.4,177.8,16.4
2021,13/01/2021,Jan,3,166,7,0,19.25,58.5,13,171.8,13.7
2021,14/01/2021,Jan,3,167,6,0,20.05,60,14.8,180.6,12.8
2021,15/01/2021,Jan,3,168,3,0,18.3,58.5,11.2,181.1,12.6
2021,16/01/2021,Jan,3,169,4,0,18.6,75,9.4,173.7,13.8
2021,17/01/2021,Jan,4,170,7,0,18.35,76,11.2,177.3,15.1
2021,18/01/2021,Jan,4,171,6,0,18.45,82,11.2,182.6,15.4
2021,19/01/2021,Jan,4,172,3,0,18.75,83,14.8,155,16.6
2021,20/01/2021,Jan,4,173,4,0,19.5,77,11.2,89.2,17.4
2021,21/01/2021,Jan,4,174,6,0,20.85,69,9.4,182.6,16.2
2021,22/01/2021,Jan,4,175,8,0,19,80,11.2,197.2,15.9
2021,23/01/2021,Jan,4,176,8,0,17.5,85.5,7.6,190,16
2021,24/01/2021,Jan,5,177,8,0,19.15,87.5,9.4,202.1,16.3
2021,25/01/2021,Jan,5,178,9,0,19.4,68.5,9,202.3,15.3
2021,26/01/2021,Jan,5,179,8,0,19.15,80.5,14.8,195.5,15.2
2021,27/01/2021,Jan,5,180,8,0,17.85,73.5,14.8,213.8,14.5
2021,28/01/2021,Jan,5,181,6,0,18.55,76,18.4,212.8,15
2021,29/01/2021,Jan,5,182,5,0,19.2,71,18.4,210.3,15.3
2021,30/01/2021,Jan,5,183,3,0,19.6,66,14.8,165.6,14.4
2021,31/01/2021,Jan,6,184,4,0,16.9,60.5,14.8,219.3,13.2
2021,01/02/2021,Feb,6,185,3,0,16.2,59.5,14.8,215.3,13
2021,02/02/2021,Feb,6,186,3,0,18.55,62.5,18.4,216.8,13.6
2021,03/02/2021,Feb,6,187,2,0,20.45,59.5,14.8,218.6,12.2
2021,04/02/2021,Feb,6,188,2,0,22.05,58,11.2,219.6,14.1
2021,05/02/2021,Feb,6,189,4,0,22.6,58,14.8,221.6,16.1
2021,06/02/2021,Feb,6,190,3,0,21.7,46,18.4,216.7,15.4
2021,07/02/2021,Feb,7,191,3,0,21.7,56,18.4,180.4,14.9
2021,08/02/2021,Feb,7,192,5,0,22.3,49,18.4,223.5,13.5
2021,09/02/2021,Feb,7,193,5,0,23.2,44.5,14.8,228.9,14.4
2021,10/02/2021,Feb,7,194,5,0,21.1,48,18.4,225.7,14.7
2021,11/02/2021,Feb,7,195,6,0,22.2,63.5,9.4,222.8,16
2021,12/02/2021,Feb,7,196,2,0,27.55,66,7.9,226.9,16.3
2021,13/02/2021,Feb,7,197,2,0,22.75,57,14.8,230,15.6
2021,14/02/2021,Feb,8,198,2,0,22.9,54.5,18.4,229.6,14.2
2021,15/02/2021,Feb,8,199,2,0,23.15,62,11.2,226.7,16.8
2021,16/02/2021,Feb,8,200,2,0,23.6,60.5,13,229,17.3
2021,17/02/2021,Feb,8,201,2,0,23.2,58.5,18.4,207.3,16.1
2021,18/02/2021,Feb,8,202,2,0,24.5,45.5,13,228.5,16.5
2021,19/02/2021,Feb,8,203,1,0,24.85,60,13,191.8,16.9
2021,20/02/2021,Feb,8,204,2,0,23.9,51.5,18.4,140.1,17
2021,21/02/2021,Feb,9,205,2,0,24.8,43.5,22.3,243.4,16.5
2021,22/02/2021,Feb,9,206,1,0,24.4,44.5,18.4,246.9,15.3
2021,23/02/2021,Feb,9,207,1,0,24.25,44.5,14.8,245.4,14.8
2021,24/02/2021,Feb,9,208,1,0,24.85,56,18.4,237.5,16.1
2021,25/02/2021,Feb,9,209,1,0,26.4,55.5,22.3,243.3,17.1
2021,26/02/2021,Feb,9,210,0,0,26.95,58.5,18.4,235.8,18.1
2021,27/02/2021,Feb,9,211,0,0,28.4,60,18.4,248.2,17.6
2021,28/02/2021,Feb,10,212,1,0,27.7,63,22.3,228.7,19.7
2021,01/03/2021,Mar,10,213,1,0,28.5,62,18.4,233.2,20.6
2021,02/03/2021,Mar,10,214,0,0,28.1,60,18.4,242.8,18.8
2021,03/03/2021,Mar,10,215,0,0,27.05,43,18.4,245.1,18.3
2021,04/03/2021,Mar,10,216,1,0,25.45,43.5,25.9,258.8,17.5
2021,05/03/2021,Mar,10,217,3,0,27.15,70.5,22.3,248.9,18.7
2021,06/03/2021,Mar,10,218,2,0,28.5,68,22.3,224.9,20.2
2021,07/03/2021,Mar,11,219,2,0,28.45,63.5,18.4,241.4,20.3
2021,08/03/2021,Mar,11,220,2,0,27.7,70,78.2,201.8,21.9
2021,09/03/2021,Mar,11,221,2,0,27.5,69.5,18.4,244.4,20.3
2021,10/03/2021,Mar,11,222,2,0,27.45,71.5,18.4,232.2,20.5
2021,11/03/2021,Mar,11,223,2,0,28.2,72.5,14.8,236,21.2
2021,12/03/2021,Mar,11,224,0,0,28.55,65.5,11.2,250,21.8
2021,13/03/2021,Mar,11,225,0,3,28.45,73.5,55.4,222.3,21.6
2021,14/03/2021,Mar,12,226,0,0,26,52.5,18.4,268.5,18.8
2021,15/03/2021,Mar,12,227,0,0,26.05,43.5,16.6,257.4,17.6
2021,16/03/2021,Mar,12,228,0,0,28.1,46.5,11.2,271.4,19.8
2021,17/03/2021,Mar,12,229,0,0,27.9,39.5,20.5,280.9,18.4
2021,18/03/2021,Mar,12,230,0,0,28.3,39.5,9.4,269.2,18.9
2021,19/03/2021,Mar,12,231,0,0,28.4,40,18.4,268.9,19.9
2021,20/03/2021,Mar,12,232,1,0,28.85,42.5,22.3,264.2,20
2021,21/03/2021,Mar,13,233,0,0,30.2,49,9.4,254.2,20.3
2021,22/03/2021,Mar,13,234,0,0,31.15,43.5,18.4,266.9,19.8
2021,23/03/2021,Mar,13,235,0,0,30.55,36.5,11.2,269.3,19.7
2021,24/03/2021,Mar,13,236,0,0,31.55,37,14.8,268.1,20.7
2021,25/03/2021,Mar,13,237,3,0,32.3,27.5,18.4,288.8,21
2021,26/03/2021,Mar,13,238,3,0,30.8,29,14.8,285.4,20.2
2021,27/03/2021,Mar,13,239,2,0,30.3,28.5,18.4,289,19
2021,28/03/2021,Mar,14,240,1,0,30.4,28,22.3,283.5,19.2
2021,29/03/2021,Mar,14,241,2,0,29.85,56,29.5,278.6,21.7
2021,30/03/2021,Mar,14,242,2,0,30.85,42,37.1,225.7,23
2021,31/03/2021,Mar,14,243,4,0,31.25,46,37.1,245.2,23.7
2021,01/04/2021,Apr,14,244,4,0,32.55,64.5,189,287.4,22.2
2021,02/04/2021,Apr,14,245,5,0,31.95,55,37.1,250.8,21.3
2021,03/04/2021,Apr,14,246,2,0,30.3,60,14.8,268.9,22
2021,04/04/2021,Apr,15,247,2,10,30.8,52,51.8,272.1,21
2021,05/04/2021,Apr,15,248,2,0,26.6,43.5,18.4,294.3,19.2
2021,06/04/2021,Apr,15,249,1,0,27.65,44,14.8,280.8,18.1
2021,07/04/2021,Apr,15,250,1,0,30.6,51.5,25.9,277.3,19.6
2021,08/04/2021,Apr,15,251,1,0,29.55,61,29.5,207.8,21.1
2021,09/04/2021,Apr,15,252,0,0,29.1,59,27.7,227.2,22.7
2021,10/04/2021,Apr,15,253,0,0,30.6,66.5,14.8,261.1,23
2021,11/04/2021,Apr,16,254,0,0,30.95,63,25.9,288.3,22.5
2021,12/04/2021,Apr,16,255,0,0,31.65,54.5,18.4,287.9,22
2021,13/04/2021,Apr,16,256,0,0,32,54,24.1,288.7,21.9
2021,14/04/2021,Apr,16,257,0,0,31.5,60.5,25.9,299.2,22.9
2021,15/04/2021,Apr,16,258,0,0,30.9,64.5,22.3,267.5,23
2021,16/04/2021,Apr,16,259,0,24,31.3,61,22.3,229.8,22.8
2021,17/04/2021,Apr,16,260,0,0,26.35,66,40.7,276.9,21.1
2021,18/04/2021,Apr,17,261,0,0,28.9,59,20.5,282,21.8
2021,19/04/2021,Apr,17,262,0,0,31.5,55,29.5,274.8,22.9
2021,20/04/2021,Apr,17,263,0,0,31.85,64.5,29.5,284.3,22.9
2021,21/04/2021,Apr,17,264,0,3,31.9,62.5,46.4,287.1,22.9
2021,22/04/2021,Apr,17,265,0,0,28,63.5,25.9,217.8,23.3
2021,23/04/2021,Apr,17,266,0,0,30.2,45,25.9,289.2,22
2021,24/04/2021,Apr,17,267,0,0,30.6,35.5,18.4,310.7,21.4
2021,25/04/2021,Apr,18,268,0,0,33.1,34,18.4,300.6,21.9
2021,26/04/2021,Apr,18,269,0,0,33.7,40,24.1,302.7,21.5
2021,27/04/2021,Apr,18,270,1,0,32.7,54.5,27.7,293.7,22.4
2021,28/04/2021,Apr,18,271,1,2,32.35,61,18.4,301.2,22.5
2021,29/04/2021,Apr,18,272,2,0,29.55,51,27.7,286.6,22.5
2021,30/04/2021,Apr,18,273,2,0,32.25,46.5,18.4,291.3,21.5
2021,01/05/2021,May,18,274,3,0,31.35,51.5,27.7,279.4,22.7
2021,02/05/2021,May,19,275,2,9,31.05,61,22.3,286,22.7
2021,03/05/2021,May,19,276,2,1,28.9,62.5,18.4,158.5,21.8
2021,04/05/2021,May,19,277,2,0,27.4,65,46.4,81.6,22.5
2021,05/05/2021,May,19,278,0,0,29.25,49.5,18.4,241.7,22.8
2021,06/05/2021,May,19,279,0,2,29.05,63.5,18.4,180.4,22.6
2021,07/05/2021,May,19,280,1,0,31.2,55.5,18.4,190.9,22.9
2021,08/05/2021,May,19,281,0,0,30.75,52.5,18.4,214.2,21.8
2021,09/05/2021,May,20,282,0,6,30.3,63,22.3,258.6,21.7
2021,10/05/2021,May,20,283,0,24,29.65,58,37.1,246.8,21.9
2021,11/05/2021,May,20,284,3,14,26.35,82,33.5,176.1,23
2021,12/05/2021,May,20,285,3,0,27.8,55,14.8,185.3,21.4
2021,13/05/2021,May,20,286,3,0,29.85,74,18.4,203.8,22.6
2021,14/05/2021,May,20,287,3,0,29.4,62,18.4,215.9,21.8
2021,15/05/2021,May,20,288,3,53,31.3,73.5,25.9,267.3,22.7
2021,16/05/2021,May,21,289,3,0,30.3,67,18.4,261.9,23.3
2021,17/05/2021,May,21,290,3,0,32.25,85.5,18.4,258.7,23.5
2021,18/05/2021,May,21,291,5,45,31.9,86.5,29.5,249.9,24.6
2021,19/05/2021,May,21,292,6,0,30.5,77,29.5,174.7,24.2
2021,20/05/2021,May,21,293,4,0,32.05,67.5,29.5,259.5,24.3
2021,21/05/2021,May,21,294,4,0,32,61.5,22.3,258.6,23.7
2021,22/05/2021,May,21,295,4,0,33.05,56.5,22.3,283,23.5
2021,23/05/2021,May,22,296,5,0,33.75,55.5,18.4,273.3,24.1
2021,24/05/2021,May,22,297,5,36,33.95,61.5,29.5,253.1,24.8
2021,25/05/2021,May,22,298,5,1,29.55,83.5,18.4,196.8,25
2021,26/05/2021,May,22,299,6,0,28.5,70,25.9,105.3,23.5
2021,27/05/2021,May,22,300,7,2,29.7,79,33.5,52.8,23.8
2021,28/05/2021,May,22,301,11,1,30.65,73,24.1,217.6,24.4
2021,29/05/2021,May,22,302,8,4,31.8,62.5,25.9,266.8,24
2021,30/05/2021,May,23,303,9,25,31.7,68,18.4,259.3,24.7
2021,31/05/2021,May,23,304,10,21,30.55,78.5,22.3,99.7,23.2
2021,01/06/2021,Jun,23,305,15,85,27.3,90,18.4,82.3,24.7
2021,02/06/2021,Jun,23,306,9,0,29.1,71,22.3,166.8,23.8
2021,03/06/2021,Jun,23,307,10,15,30.9,77,36,192.8,24.2
2021,04/06/2021,Jun,23,308,9,0,31.75,69.5,22.3,244.8,24.2
2021,05/06/2021,Jun,23,309,12,118,28.65,93.5,27.7,112.2,23.8
2021,06/06/2021,Jun,24,310,18,12,29,93.5,27.7,93.3,24.3
2021,07/06/2021,Jun,24,311,13,0,29.85,80,29.5,105.8,23.8
2021,08/06/2021,Jun,24,312,13,10,27.45,87,22.3,104.4,24.2
2021,09/06/2021,Jun,24,313,14,23,28.9,85,22.3,154.1,23.8
2021,10/06/2021,Jun,24,314,15,31,30.1,67,22.3,141,24.4
2021,11/06/2021,Jun,24,315,15,30,29.05,91.5,37.1,134.2,24.5
2021,12/06/2021,Jun,24,316,18,2,29.8,76.5,19.8,194.4,23.8
2021,13/06/2021,Jun,25,317,11,4,30.35,73.5,22.3,212.7,23.2
2021,14/06/2021,Jun,25,318,15,5,30.1,84,22.3,187.8,24.9
2021,15/06/2021,Jun,25,319,21,8,30.1,88,22.3,117.1,24.1
2021,16/06/2021,Jun,25,320,20,5,27.9,82.5,29.5,56.2,24
2021,17/06/2021,Jun,25,321,22,30,28,81.5,22.3,129.7,23.7
2021,18/06/2021,Jun,25,322,23,22,27.8,90,24.1,66.9,24.6
2021,19/06/2021,Jun,25,323,31,31,25.95,89,22.3,54.5,24.2
2021,20/06/2021,Jun,26,324,32,12,26.25,84,14.8,93.5,23.3
2021,21/06/2021,Jun,26,325,45,3,28.7,84,18.4,98,22.9
2021,22/06/2021,Jun,26,326,42,24,27.75,91.5,14.8,132.9,24.8
2021,23/06/2021,Jun,26,327,42,0,29.65,80.5,22.3,217.1,23.1
2021,24/06/2021,Jun,26,328,48,1,30.05,73,25.9,176.8,23.6
2021,25/06/2021,Jun,26,329,45,0,30.75,72.5,22.3,233.7,23.7
2021,26/06/2021,Jun,26,330,49,6,30.2,76.5,22.3,215.1,23.4
2021,27/06/2021,Jun,27,331,65,1,30.35,70.5,25.9,230.1,24.3
2021,28/06/2021,Jun,27,332,67,0,30.05,78,33.5,152.9,24.8
2021,29/06/2021,Jun,27,333,77,46,29.65,88,25.9,90.4,24.1
2021,30/06/2021,Jun,27,334,64,19,28.6,74,29.5,128.8,24
2021,01/07/2021,Jul,27,335,70,33,25.8,82,22.3,68.2,24.2
2021,02/07/2021,Jul,27,336,74,64,26.75,96,22.3,104.3,24.8
2021,03/07/2021,Jul,27,337,81,1,28.55,83.5,29.5,74.8,23.6
2021,04/07/2021,Jul,28,338,80,60,28.3,89,14.8,127.3,24.7
2021,05/07/2021,Jul,28,339,93,1,29.85,79.5,22.3,192.7,24.7
2021,06/07/2021,Jul,28,340,100,4,31.1,78.5,18.4,200,23
2021,07/07/2021,Jul,28,341,120,5,29.35,88.5,22.3,132.8,24.3
2021,08/07/2021,Jul,28,342,124,3,29.55,78.5,22.3,137.8,23.4
2021,09/07/2021,Jul,28,343,131,0,29.9,72.5,14.8,224.5,23.7
2021,10/07/2021,Jul,28,344,151,0,30.95,78.5,14.8,231.6,24.4
2021,11/07/2021,Jul,29,345,165,0,31.15,76.5,18.4,261.2,23.4
2021,12/07/2021,Jul,29,346,179,0,31.7,71,18.4,201.5,23.9
2021,13/07/2021,Jul,29,347,190,0,30.75,74.5,22.3,209.4,24.1
2021,14/07/2021,Jul,29,348,209,0,31.1,71,22.3,201,24.6
2021,15/07/2021,Jul,29,349,236,0,31.85,63.5,18.4,220.2,24.3
2021,16/07/2021,Jul,29,350,266,4,31.65,73,29.5,230.6,24.8
2021,17/07/2021,Jul,29,351,303,0,29.55,80.5,18.4,139.9,24.8
2021,18/07/2021,Jul,30,352,318,5,31.5,83.5,22.3,214.8,24.4
2021,19/07/2021,Jul,30,353,336,8,29.9,82,18.4,163.9,24.8
2021,20/07/2021,Jul,30,354,326,14,29.3,83,18.4,154.5,25.2
2021,21/07/2021,Jul,30,355,403,20,29.5,78,11.2,204.9,24.7
2021,22/07/2021,Jul,30,356,402,1,30,69.5,18.4,225.9,24.3
2021,23/07/2021,Jul,30,357,406,2,29,80.5,33.5,150.7,23.9
2021,24/07/2021,Jul,30,358,412,16,28.8,85.5,22.3,139.3,24.3
2021,25/07/2021,Jul,31,359,390,3,30.5,75.5,18.4,170.7,24.3
2021,26/07/2021,Jul,31,360,422,0,31.45,71,18.4,182.5,24
2021,27/07/2021,Jul,31,361,461,22,30.6,86,18.4,178.2,24.6
2021,28/07/2021,Jul,31,362,468,2,28.7,80,37.1,126,24.1
2021,29/07/2021,Jul,31,363,509,32,27.4,93.5,27.7,31.8,24.5
2021,30/07/2021,Jul,31,364,568,14,28.6,86.5,22.3,140.1,24.2
2021,31/07/2021,Jul,31,365,642,4,29.15,85,18.4,155.4,24.3
2021,01/08/2021,Aug,32,366,709,4,29.05,82.5,18.4,138.8,24.6
2021,02/08/2021,Aug,32,367,777,3,30.1,84,22.3,128.4,24.5
2021,03/08/2021,Aug,32,368,862,12,30.75,75,18.4,203,24.5
2021,04/08/2021,Aug,32,369,978,8,30.6,81,14.8,184.8,24.6
2021,05/08/2021,Aug,32,370,1072,13,31.45,67.5,29.5,247.5,24
2021,06/08/2021,Aug,32,371,1058,16,30.35,88.5,25.9,173,24.6
2021,07/08/2021,Aug,32,372,1065,11,29.1,88,18.4,102.8,24.6
2021,08/08/2021,Aug,33,373,1020,11,29.6,87,22.3,120.4,24.8
2021,09/08/2021,Aug,33,374,1007,1,30.3,83.5,27.7,159.2,24.3
2021,10/08/2021,Aug,33,375,956,14,31.35,91.5,22.3,174.4,24.6
2021,11/08/2021,Aug,33,376,943,3,29.9,83,18.4,151.1,24.7
2021,12/08/2021,Aug,33,377,928,25,30.9,81,22.3,115.9,25.6
2021,13/08/2021,Aug,33,378,920,38,29.45,90,22.3,99.5,25.2
2021,14/08/2021,Aug,33,379,910,0,30.35,83,22.3,96.8,24.9
2021,15/08/2021,Aug,34,380,965,0,30.95,75.5,18.4,194.5,24.7
2021,16/08/2021,Aug,34,381,1060,13,30.2,79,18.4,109.3,24.7
2021,17/08/2021,Aug,34,382,1071,11,29,87,22.3,123.6,24.1
2021,18/08/2021,Aug,34,383,308,3,29.35,89,29.5,105.5,24.2
2021,19/08/2021,Aug,34,384,338,1,29,79.5,33.5,128.7,23.9
2021,20/08/2021,Aug,34,385,403,1,29.1,82.5,18.4,110.2,24
2021,21/08/2021,Aug,34,386,429,5,30,77.5,29.5,204.5,24.5
2021,22/08/2021,Aug,35,387,397,0,30.45,70.5,27.7,229.4,23.7
2021,23/08/2021,Aug,35,388,441,31,30.5,79.5,22.3,206.4,24.5
2021,24/08/2021,Aug,35,389,432,9,29.25,78,22.3,190.5,25
2021,25/08/2021,Aug,35,390,380,6,29.15,82.5,22.3,125.9,25
2021,26/08/2021,Aug,35,391,367,5,29,90.5,29.5,123.1,25.2
2021,27/08/2021,Aug,35,392,383,1,29.95,88.5,18.4,176.4,24.8
2021,28/08/2021,Aug,35,393,371,0,30.3,70,22.3,193.5,24.5
2021,29/08/2021,Aug,36,394,354,1,30,78.5,18.4,193.4,24.3
2021,30/08/2021,Aug,36,395,384,0,29.4,75.5,18.4,172.3,23.7
2021,31/08/2021,Aug,36,396,348,1,30.45,75,14.8,229.6,24.5
2021,01/09/2021,Sep,36,397,379,1,29.5,89,11.2,183.2,24.5
2021,02/09/2021,Sep,36,398,432,13,30.5,91.5,18.4,198.2,24.6
2021,03/09/2021,Sep,36,399,423,0,32.5,86,18.4,197,24.4
2021,04/09/2021,Sep,36,400,456,2,31.5,80.5,18.4,234.9,24.7
2021,05/09/2021,Sep,37,401,421,18,32.5,87,14.8,193.7,24.5
2021,06/09/2021,Sep,37,402,410,1,30.5,91,22.3,224.1,24.4
2021,07/09/2021,Sep,37,403,453,2,29.5,90,27.7,163.6,24.5
2021,08/09/2021,Sep,37,404,445,11,28,90,22.3,227.5,23.8
2021,09/09/2021,Sep,37,405,452,14,28,86,11.2,237.7,24.5
2021,10/09/2021,Sep,37,406,480,6,31.5,90.5,18.4,246.2,24.2
2021,11/09/2021,Sep,37,407,504,0,29.5,81.5,22.3,244.2,24.6
2021,12/09/2021,Sep,38,408,484,0,31,89,22.3,229.2,23.2
2021,13/09/2021,Sep,38,409,462,1,31.5,85,27.7,169.9,24.2
2021,14/09/2021,Sep,38,410,460,9,28,85,22.3,81.8,24.8
2021,15/09/2021,Sep,38,411,465,9,31,79.5,18.4,226.6,23.8
2021,16/09/2021,Sep,38,412,440,1,28,86.5,22.3,173.6,24.5
2021,17/09/2021,Sep,38,413,404,1,26,95,22.3,131.9,24.5
2021,18/09/2021,Sep,38,414,436,2,26.5,88,18.4,99.5,24.7
2021,19/09/2021,Sep,39,415,400,2,27.5,87.5,14.8,78.3,24.5
2021,20/09/2021,Sep,39,416,389,0,28,84.5,14.8,120.4,23.7
2021,21/09/2021,Sep,39,417,368,0,29.5,89.5,18.4,91.3,24
2021,22/09/2021,Sep,39,418,354,1,29.5,88,18.4,118.5,23.8
2021,23/09/2021,Sep,39,419,370,0,31,84.5,18.4,229.9,23.5
2021,24/09/2021,Sep,39,420,357,0,32.5,87,13,244.4,23.4
2021,25/09/2021,Sep,39,421,390,54,28,97,22.3,223,24.3
2021,26/09/2021,Sep,40,422,372,8,31,93,18.4,223,24.5
2021,27/09/2021,Sep,40,423,338,8,31.5,87.5,18.4,196.8,24
2021,28/09/2021,Sep,40,424,317,4,28,89.5,22.3,189.2,24
2021,29/09/2021,Sep,40,425,349,2,25.5,79,18.4,124.1,24.1
2021,30/09/2021,Sep,40,426,360,2,29.5,91,14.8,163.5,23.5
2021,01/10/2021,Oct,40,427,367,5.8,30.5,83.5,14.8,197.7,23.6
2021,02/10/2021,Oct,40,428,369,5.9,27.5,94.5,18.4,202.4,23.5
2021,03/10/2021,Oct,41,429,346,10,30,93.5,33.5,185,24.3
2021,04/10/2021,Oct,41,430,314,2.7,29,90,27.7,168.6,24.2
2021,05/10/2021,Oct,41,431,303,10.6,26.5,98.5,22.3,137.3,24.3
2021,06/10/2021,Oct,41,432,302,15.5,29.5,86,14.8,209.1,24.5
2021,07/10/2021,Oct,41,433,290,5.2,30.5,83,14.8,202.4,23.7
2021,08/10/2021,Oct,41,434,300,10.1,30,96,11.2,195.9,24
2021,09/10/2021,Oct,41,435,325,6.8,29.5,90.5,18.4,193.7,24.3
2021,10/10/2021,Oct,42,436,345,3.8,29.5,89.5,18.4,191.1,24.5
2021,11/10/2021,Oct,42,437,325,3,31.5,88,18.4,223.8,24.3
2021,12/10/2021,Oct,42,438,343,5.5,32.5,88.5,14.8,212,24.1
2021,13/10/2021,Oct,42,439,353,7.1,27,87,18.4,122.4,24.3
2021,14/10/2021,Oct,42,440,369,4.3,31.5,93,18.4,206.1,24.8
2021,15/10/2021,Oct,42,441,332,4.9,32,86.5,13,222.8,23.9
2021,16/10/2021,Oct,42,442,354,6.2,31.5,76.5,22.3,181,24.4
2021,17/10/2021,Oct,43,443,322,9.8,29,89,25.9,155.7,24.7
2021,18/10/2021,Oct,43,444,305,11.2,25.5,91,27.7,66.4,24.9
2021,19/10/2021,Oct,43,445,301,10.8,26,95,22.3,66.9,24.3
2021,20/10/2021,Oct,43,446,292,5.6,26,90,29.5,44.9,24.2
2021,21/10/2021,Oct,43,447,306,0.6,28,89.5,22.3,202.9,23.5
2021,22/10/2021,Oct,43,448,297,1.7,26.5,90.5,13,138.5,21.8
2021,23/10/2021,Oct,43,449,323,1.1,27.5,73,11.2,191.4,22.4
2021,24/10/2021,Oct,44,450,319,0,27,82.5,9.4,198.9,22.1
2021,25/10/2021,Oct,44,451,334,1.4,27.5,88,9.4,201.7,22.4
2021,26/10/2021,Oct,44,452,359,2.8,29,74.5,11.2,191.5,22.1
2021,27/10/2021,Oct,44,453,386,10.9,27.5,80.5,13,157.2,21.7
2021,28/10/2021,Oct,44,454,384,2.6,28,92.5,11.2,151.9,21.9
2021,29/10/2021,Oct,44,455,356,2.3,28.5,84,13,199.5,21.5
2021,30/10/2021,Oct,44,456,345,2.3,28,87.5,18.4,212.1,21.3
2021,31/10/2021,Oct,45,457,318,0.9,25,86,22.3,191,17.3
2021,01/11/2021,Nov,45,458,297,1.2,24,76,18.4,217.7,17.8
2021,02/11/2021,Nov,45,459,280,0.6,23,90,11.2,209.8,18.9
2021,03/11/2021,Nov,45,460,303,1.6,23.5,90,18.4,198.2,19.1
2021,04/11/2021,Nov,45,461,309,1.4,25,91,14.8,202.2,19.6
2021,05/11/2021,Nov,45,462,287,0.1,23,75.5,16.6,212.6,18.7
2021,06/11/2021,Nov,45,463,286,0.8,23.5,88.5,18.4,210.1,18
2021,07/11/2021,Nov,46,464,276,2.6,23,74,11.2,206.3,18.8
2021,08/11/2021,Nov,46,465,267,6.3,24,89.5,9.4,210.9,17.7
2021,09/11/2021,Nov,46,466,263,2.2,25,90,9.4,207.1,18.3
2021,10/11/2021,Nov,46,467,274,2.9,25,90,11.2,203.5,18.9
2021,11/11/2021,Nov,46,468,273,0,26.5,88.5,13,195.8,19.4
2021,12/11/2021,Nov,46,469,258,0,26.5,78.5,11.2,146.1,19.9
2021,13/11/2021,Nov,46,470,280,0,22,90.5,18.4,42.2,21.1
2021,14/11/2021,Nov,47,471,256,0.2,22.5,97.5,9.4,74.5,19.5
2021,15/11/2021,Nov,47,472,255,0.4,23,93,11.2,94,20
2021,16/11/2021,Nov,47,473,223,0.2,23,93,14.8,171.4,18.8
2021,17/11/2021,Nov,47,474,232,0.1,23,94.5,9.4,198.6,18.9
2021,18/11/2021,Nov,47,475,245,0,22,95.5,14.8,200.6,18.1
2021,19/11/2021,Nov,47,476,222,0.1,24.5,75.5,11.2,195,17.9
2021,20/11/2021,Nov,47,477,240,0.3,23,92,14.8,187.1,17.5
2021,21/11/2021,Nov,48,478,200,2.3,23.5,84.5,18.4,175.8,18.3
2021,22/11/2021,Nov,48,479,201,0.4,23.5,82.5,13,188.4,19.7
2021,23/11/2021,Nov,48,480,190,0.3,24,81,11.2,178.1,20.4
2021,24/11/2021,Nov,48,481,222,0.3,24,74.5,11.2,170,18.7
2021,25/11/2021,Nov,48,482,189,0.2,21.5,94.5,9.4,188.1,17.7
2021,26/11/2021,Nov,48,483,199,0,19.5,94.5,9.4,170.6,17.2
2021,27/11/2021,Nov,48,484,156,0.8,21,90.5,7.6,190.6,17.6
2021,28/11/2021,Nov,49,485,145,6.4,20.5,92.5,14.8,191.1,16.7
2021,29/11/2021,Nov,49,486,167,1.9,21,92.5,9.4,187.5,17
2021,30/11/2021,Nov,49,487,132,0,21.5,79.5,9.4,188.2,17
2021,01/12/2021,Dec,49,488,100,0,23,77,11.2,185.9,17.2
2021,02/12/2021,Dec,49,489,111,0,23.5,90,11.2,183,18.5
2021,03/12/2021,Dec,49,490,116,0,23,91,7.6,179,16.8
2021,04/12/2021,Dec,49,491,100,0,24,90.5,9.4,51.2,18.1
2021,05/12/2021,Dec,50,492,89,0,22.5,91.5,5.4,27.2,19.5
2021,06/12/2021,Dec,50,493,89,0,21,100,22.3,18.3,19.8
2021,07/12/2021,Dec,50,494,100,1.6,21.5,99.5,13,53.4,19.7
2021,08/12/2021,Dec,50,495,123,1.9,21,98.5,11.2,119.5,18
2021,09/12/2021,Dec,50,496,110,1.6,23.5,96.5,18.4,159.3,18.6
2021,10/12/2021,Dec,50,497,99,0,22,97,18.4,123.8,17.3
2021,11/12/2021,Dec,50,498,89,0.1,21,81.5,14.8,178.8,16.5
2021,12/12/2021,Dec,51,499,56,1.1,18.5,94,14.8,181.8,17.4
2021,13/12/2021,Dec,51,500,78,0,18.5,79.5,9.4,185.4,15.8
2021,14/12/2021,Dec,51,501,89,0,18,96.5,11.2,182,16.3
2021,15/12/2021,Dec,51,502,99,0,19,95.5,18.4,177.3,15.7
2021,16/12/2021,Dec,51,503,67,0.2,19,90,11.2,180,15.6
2021,17/12/2021,Dec,51,504,77,0,19,93.5,13,184.4,17.1
2021,18/12/2021,Dec,51,505,78,0,19,79,14.8,181.6,16
2021,19/12/2021,Dec,52,506,45,0,18.5,94.5,18.4,180.2,14.8
2021,20/12/2021,Dec,52,507,45,0,18,81.5,18.4,183.2,12.5
2021,21/12/2021,Dec,52,508,40,0,21,84,18.4,146.3,13.9
2021,22/12/2021,Dec,52,509,78,0,19,86.5,14.8,140.4,15.2
2021,23/12/2021,Dec,52,510,41,1.2,18,94,11.2,147.4,15
2021,24/12/2021,Dec,52,511,30,1.4,19.5,95.5,9.4,168.8,15.4
2021,25/12/2021,Dec,52,512,35,2.2,19,90.5,5.4,173.3,14.9
2021,26/12/2021,Dec,53,513,34,0.1,18.5,96,5.4,173.5,15.1
2021,27/12/2021,Dec,53,514,31,0.7,20,89.5,7.6,170.5,15.2
2021,28/12/2021,Dec,53,515,22,0.6,21.5,72.5,9.4,179.5,15
2021,29/12/2021,Dec,53,516,34,0,19.5,89.5,9.4,148.4,15
2021,30/12/2021,Dec,53,517,42,0,20,90.5,14.8,158.1,14.7
2021,31/12/2021,Dec,53,518,45,0,18,92,18.4,180.6,13.8
2022,01/01/2022,Jan,1,519,4,0,20.4,68.7,18.4,181.7,14.2
2022,02/01/2022,Jan,2,520,11,0,19.9,77.1,18.4,181.3,15.7
2022,03/01/2022,Jan,2,521,29,0,20.8,70.3,14.8,180.9,14.9
2022,04/01/2022,Jan,2,522,4,0,20.6,71.5,14.8,185.7,15.1
2022,05/01/2022,Jan,2,523,4,0,19.7,79.5,14.8,184.8,15.9
2022,06/01/2022,Jan,2,524,9,0,19.9,75.8,14.8,179.3,15.2
2022,07/01/2022,Jan,2,525,1,0,22.5,70.4,13,181.3,16.7
2022,08/01/2022,Jan,2,526,2,0,22.5,67,11.2,186.2,15.8
2022,09/01/2022,Jan,3,527,7,0,22.1,66.9,11.2,186.4,15.3
2022,10/01/2022,Jan,3,528,3,0,23.1,65.3,18.4,181.4,15.8
2022,11/01/2022,Jan,3,529,3,0.1,23.1,70.3,18.4,179.6,17.3
2022,12/01/2022,Jan,3,530,14,0.2,21.9,71.2,22.3,109.9,16.3
2022,13/01/2022,Jan,3,531,3,0,22.6,66.8,14.8,185,15.8
2022,14/01/2022,Jan,3,532,1,0.3,20.3,72.4,11.2,66.2,15.1
2022,15/01/2022,Jan,3,533,5,0.1,20.7,71.6,11.2,169.6,15.3
2022,16/01/2022,Jan,4,534,2,0,20.8,68.2,18.4,199.6,14.5
2022,17/01/2022,Jan,4,535,2,0,20.5,69.6,14.8,200,14.5
2022,18/01/2022,Jan,4,536,4,0,20.8,67.3,11.2,192.5,14.2
2022,19/01/2022,Jan,4,537,7,0.1,20.8,67.9,14.8,195.5,14.3
2022,20/01/2022,Jan,4,538,1,0,19.7,72.5,18.4,196.2,14.5
2022,21/01/2022,Jan,4,539,0,0,20.1,73.2,13,195.3,15
2022,22/01/2022,Jan,4,540,0,0,20.4,73.6,9.4,186.5,15.3
2022,23/01/2022,Jan,5,541,2,0,21,72.2,9.4,143.1,15.7
2022,24/01/2022,Jan,5,542,3,1.8,21.2,70.8,11.2,84.1,15.5
2022,25/01/2022,Jan,5,543,1,0.3,20.8,71.1,7.6,179.7,15.3
2022,26/01/2022,Jan,5,544,0,0.7,20.8,78.1,18.4,161.3,16.8
2022,27/01/2022,Jan,5,545,1,0.9,20,73.1,18.4,185.9,14.9
2022,28/01/2022,Jan,5,546,2,0,19.4,65.1,18.4,208.6,12.4
2022,29/01/2022,Jan,5,547,0,0,17.3,64.8,18.4,215.9,10.3
2022,30/01/2022,Jan,6,548,0,0,18.3,66.2,18.4,211.3,11.6
2022,31/01/2022,Jan,6,549,1,0,19.8,74.8,14.8,213.4,15
2022,01/02/2022,Feb,6,550,0,0.4,20,67.4,18.4,209.4,13.5
2022,02/02/2022,Feb,6,551,2,0,21.7,64.1,18.4,215.8,14.3
2022,03/02/2022,Feb,6,552,2,0,21.9,67.2,14.8,190.5,15.5
2022,04/02/2022,Feb,6,553,0,6.4,19.4,82.3,33.5,164.2,16.2
2022,05/02/2022,Feb,6,554,2,2.7,20,68.4,25.9,196.6,13.5
2022,06/02/2022,Feb,7,555,1,0,18.7,68.3,14.8,221.4,12.5
2022,07/02/2022,Feb,7,556,0,0,19.5,66.2,18.4,223.8,12.8
2022,08/02/2022,Feb,7,557,0,0,20.1,62.6,11.2,224.7,12.3
2022,09/02/2022,Feb,7,558,0,0,20.8,62.2,9.4,225.3,12.9
2022,10/02/2022,Feb,7,559,0,0,19.1,78.3,11.2,117.7,15.2
2022,11/02/2022,Feb,7,560,0,0,20.2,73.9,13,210.8,15.2
2022,12/02/2022,Feb,7,561,5,0,20.3,65.4,16.6,233.9,13.3
2022,13/02/2022,Feb,8,562,1,0,21.2,56.7,18.4,235.9,11.7
2022,14/02/2022,Feb,8,563,2,0,21.8,59.4,18.4,239.4,13
2022,15/02/2022,Feb,8,564,1,0,22.9,61.6,11.2,239.2,14.9
2022,16/02/2022,Feb,8,565,0,0,22.5,64.9,18.4,240,15.3
2022,17/02/2022,Feb,8,566,0,0,22.1,62.4,14.8,241.4,14.1
2022,18/02/2022,Feb,8,567,0,0,22.6,57,14.8,244.6,13
2022,19/02/2022,Feb,8,568,0,0,22.9,56.5,27.7,246,13.2
2022,20/02/2022,Feb,9,569,0,0.9,21.9,65.6,24.1,213,14.9
2022,21/02/2022,Feb,9,570,0,0,22.4,64.2,22.3,243.3,14.9
2022,22/02/2022,Feb,9,571,1,0,22.6,61.3,22.3,230,14.4
2022,23/02/2022,Feb,9,572,2,0,23.5,59.6,18.4,235.3,14.9
2022,24/02/2022,Feb,9,573,0,0,25,64.7,18.4,242.9,17.6
2022,25/02/2022,Feb,9,574,0,1.2,24.4,67.9,25.9,225.9,17.8
2022,26/02/2022,Feb,9,575,0,0,25.9,60,13,244.7,17.1
2022,27/02/2022,Feb,10,576,0,0,26,64,18.4,248.9,18.4
2022,28/02/2022,Feb,10,577,0,0.3,25.9,62.1,18.4,245.3,17.7
2022,01/03/2022,Mar,10,578,0,0,26.3,57.2,18.4,255.2,16.7
2022,02/03/2022,Mar,10,579,1,0,26.3,57.1,27.7,258.5,16.6
2022,03/03/2022,Mar,10,580,0,0,26.2,52.9,18.4,263.2,15.4
2022,04/03/2022,Mar,10,581,0,0,26.2,58,18.4,262,17
2022,05/03/2022,Mar,10,582,0,0,26.7,52.1,18.4,256.4,15.8
2022,06/03/2022,Mar,11,583,3,0,27.5,53,22.3,263.4,16.3
2022,07/03/2022,Mar,11,584,0,0,27.3,58.5,14.8,288.7,17.7
2022,08/03/2022,Mar,11,585,0,0,27.6,56.9,18.4,275,17.8
2022,09/03/2022,Mar,11,586,1,0,28.3,57.4,18.4,274.6,18.8
2022,10/03/2022,Mar,11,587,1,0,28.3,54.8,22.3,278.3,17.7
2022,11/03/2022,Mar,11,588,2,0,28.9,54.4,22.3,262.4,18
2022,12/03/2022,Mar,11,589,0,0,28.3,55.2,22.3,223.3,17.9
2022,13/03/2022,Mar,12,590,0,0,28.3,52,18.4,283.5,17
2022,14/03/2022,Mar,12,591,0,0,28.7,57.1,18.4,281.5,18.9
2022,15/03/2022,Mar,12,592,0,0,29.3,53.2,18.4,287.4,18.1
2022,16/03/2022,Mar,12,593,1,0,29.4,55.4,14.8,286,18.8
2022,17/03/2022,Mar,12,594,0,0,29.3,55.9,11.2,283.8,19
2022,18/03/2022,Mar,12,595,0,0,29.8,55,14.8,286.1,19.3
2022,19/03/2022,Mar,12,596,0,0,29.8,55,14.8,287.6,19.3
2022,20/03/2022,Mar,13,597,0,0,30.3,51.6,18.4,288.8,18.9
2022,21/03/2022,Mar,13,598,0,0,29.5,57.5,14.8,289.5,19.8
2022,22/03/2022,Mar,13,599,0,0,29.4,58,18.4,270.7,20
2022,23/03/2022,Mar,13,600,2,0,30.8,54.2,18.4,296.8,19.9
2022,24/03/2022,Mar,13,601,1,0.2,30.7,56.7,29.5,296.2,20.7
2022,25/03/2022,Mar,13,602,0,0.1,30.7,60,33.5,222.4,22
2022,26/03/2022,Mar,13,603,1,0.2,29.8,63.5,37.1,263.3,22
2022,27/03/2022,Mar,14,604,1,2.7,29.4,70.3,37.1,250.4,23.3
2022,28/03/2022,Mar,14,605,0,0.5,29.9,66.6,18.4,259.2,22.7
2022,29/03/2022,Mar,14,606,2,1,29.2,67.5,22.3,253.5,22.3
2022,30/03/2022,Mar,14,607,4,4.2,29.8,62.9,22.3,235.4,21.5
2022,31/03/2022,Mar,14,608,0,2.6,30,60.6,27.7,232.6,21.3
2022,01/04/2022,Apr,14,609,0,2.9,30.1,61.3,29.5,211.6,21.8
2022,02/04/2022,Apr,14,610,0,0.6,30.6,61.6,22.3,230.7,22.1
2022,03/04/2022,Apr,15,611,2,4.7,30.4,62.7,37.1,195.8,22.1
2022,04/04/2022,Apr,15,612,0,0.2,30.9,62.8,40.7,267.5,22.8
2022,05/04/2022,Apr,15,613,0,0,31,59.2,31.7,303.6,21.9
2022,06/04/2022,Apr,15,614,0,0.1,30.6,61.2,37.1,293.7,22.2
2022,07/04/2022,Apr,15,615,1,0,31.3,59.3,22.3,318.9,22.1
2022,08/04/2022,Apr,15,616,0,0,30.8,61.2,24.1,310,22.1
2022,09/04/2022,Apr,15,617,0,0,30.8,60.5,22.3,286.6,22.1
2022,10/04/2022,Apr,16,618,2,0.1,30.4,63.9,25.9,281,22.7
2022,11/04/2022,Apr,16,619,1,3.3,30.5,64.4,37.1,269.1,23
2022,12/04/2022,Apr,16,620,0,0.2,30.2,68.9,22.3,265.5,23.7
2022,13/04/2022,Apr,16,621,2,0,31.1,62.8,27.7,293.5,23
2022,14/04/2022,Apr,16,622,0,1.3,30.7,65.6,27.7,296.3,23.2
2022,15/04/2022,Apr,16,623,0,0.2,31.2,65,29.5,299.2,23.6
2022,16/04/2022,Apr,16,624,2,30.4,30.5,64.8,27.7,276.8,23
2022,17/04/2022,Apr,17,625,1,16.6,30.5,66.9,27.7,289.3,23.6
2022,18/04/2022,Apr,17,626,1,1.5,31,65.5,27.7,303.5,23.5
2022,19/04/2022,Apr,17,627,0,3.9,31.8,63.3,25.9,313.8,23.8
2022,20/04/2022,Apr,17,628,2,7.2,25.5,78,33.5,195.2,21.3
2022,21/04/2022,Apr,17,629,2,3,26.8,68.3,18.4,285.6,20.4
2022,22/04/2022,Apr,17,630,0,6.2,28.8,71.1,37.1,202.6,22.8
2022,23/04/2022,Apr,17,631,0,0.1,29,67.6,22.3,306.8,22.1
2022,24/04/2022,Apr,18,632,1,0,30.8,66.7,27.7,322.4,23.7
2022,25/04/2022,Apr,18,633,2,0,31.8,67,25.9,323,24.8
2022,26/04/2022,Apr,18,634,3,0,31.5,66,27.7,323.5,24.3
2022,27/04/2022,Apr,18,635,1,0,32.2,62.5,22.3,291,23.9
2022,28/04/2022,Apr,18,636,0,0,32,62.4,18.4,321.7,23.7
2022,29/04/2022,Apr,18,637,0,0.1,32.7,61.4,24.1,316.4,24.2
2022,30/04/2022,Apr,18,638,0,21.8,30.8,60.7,27.7,305.5,22
2022,01/05/2022,May,19,639,0,3.8,30.6,62.3,22.3,255.5,22.4
2022,02/05/2022,May,19,640,0,7.1,30,67.5,46.4,251.6,23.3
2022,03/05/2022,May,19,641,0,25.8,27.5,78.1,37.1,168,23.3
2022,04/05/2022,May,19,642,0,9.9,27.7,73,22.3,260,22.3
2022,05/05/2022,May,19,643,1,9,29.5,65.4,18.4,244.2,22.1
2022,06/05/2022,May,19,644,1,8.2,28.5,70.2,27.7,264.4,22.4
2022,07/05/2022,May,19,645,0,4.5,29.3,67.9,11.2,305,22.6
2022,08/05/2022,May,20,646,5,0.2,30.9,64.2,22.3,316.7,23.2
2022,09/05/2022,May,20,647,1,1.8,29.5,70.8,22.3,63.3,23.6
2022,10/05/2022,May,20,648,2,28.7,27.7,80.1,22.3,94.8,23.9
2022,11/05/2022,May,20,649,0,11.5,27.1,81,27.7,295.1,23.5
2022,12/05/2022,May,20,650,0,10.4,28.1,73.7,27.7,243.2,22.9
2022,13/05/2022,May,20,651,1,9.6,29.4,73.8,29.5,231.3,24.2
2022,14/05/2022,May,20,652,3,0.4,29.6,72.2,29.5,233.9,23.9
2022,15/05/2022,May,21,653,1,0.7,31.2,66.9,27.7,211.2,24.2
2022,16/05/2022,May,21,654,8,2.9,30.9,67.1,27.7,215.8,24
2022,17/05/2022,May,21,655,12,0.3,31.1,71.7,29.5,285.4,25.3
2022,18/05/2022,May,21,656,5,20.5,31.7,66.8,148.3,183,24.5
2022,19/05/2022,May,21,657,5,9.7,31,69.4,37.1,265.6,24.6
2022,20/05/2022,May,21,658,0,3.8,29.8,69.1,22.3,266.1,23.4
2022,21/05/2022,May,21,659,9,6.5,28.7,77.2,22.3,272.5,24.2
2022,22/05/2022,May,22,660,6,4.8,29.8,70.8,20.5,325.2,23.8
2022,23/05/2022,May,22,661,15,3.2,31.1,64.9,18.4,276.1,23.5
2022,24/05/2022,May,22,662,12,0.7,30.7,68.5,18.4,295.8,24.1
2022,25/05/2022,May,22,663,6,5.7,29,73.4,33.5,204,23.7
2022,26/05/2022,May,22,664,7,3.3,29.7,70.7,22.3,309.8,23.5
2022,27/05/2022,May,22,665,6,2.7,29.9,70.6,18.4,311,23.8
2022,28/05/2022,May,22,666,15,0.8,30.2,69.3,22.3,282.2,23.8
2022,29/05/2022,May,23,667,10,6.6,30.3,70.6,18.4,196.4,24.2
2022,30/05/2022,May,23,668,18,4.3,29.2,73.9,24.1,284,24
2022,31/05/2022,May,23,669,14,11,30,70.2,22.3,254.1,24
2022,01/06/2022,Jun,23,670,9,6.6,29.2,73.3,22.3,290.2,23.9
2022,02/06/2022,Jun,23,671,20,2,29.5,73.1,22.3,59.6,24
2022,03/06/2022,Jun,23,672,17,5.5,28.8,76.6,27.7,293.4,24.1
2022,04/06/2022,Jun,23,673,13,54.5,28.7,73,22.3,246.1,23.3
2022,05/06/2022,Jun,24,674,15,3.9,30.4,69.4,29.5,286.5,24.1
2022,06/06/2022,Jun,24,675,20,2.9,31.3,68.1,22.3,211.3,24.6
2022,07/06/2022,Jun,24,676,17,5.8,30.5,69.4,25.9,234.2,24.1
2022,08/06/2022,Jun,24,677,16,1,31.1,67.8,22.3,272.3,24.3
2022,09/06/2022,Jun,24,678,31,10.6,28.1,79.2,35.3,236.5,24.1
2022,10/06/2022,Jun,24,679,17,25.5,29.5,68.3,27.7,73.5,22.9
2022,11/06/2022,Jun,24,680,20,1.4,30.6,66.3,27.7,262.7,23.5
2022,12/06/2022,Jun,25,681,24,0.1,31.6,68.2,27.7,250,24.9
2022,13/06/2022,Jun,25,682,18,2.1,31.5,67.3,27.7,202.4,24.7
2022,14/06/2022,Jun,25,683,18,9.5,31,69.6,27.7,162.4,24.7
2022,15/06/2022,Jun,25,684,22,13.7,29.8,69.2,27.7,124.8,23.5
2022,16/06/2022,Jun,25,685,31,36.3,30.3,70.3,27.7,92.8,24.2
2022,17/06/2022,Jun,25,686,29,43.5,26.8,84.8,33.5,58.8,23.9
2022,18/06/2022,Jun,25,687,40,39,26.4,84.7,35.3,71.2,23.6
2022,19/06/2022,Jun,26,688,24,11.2,28.8,72.5,24.1,135.3,23.3
2022,20/06/2022,Jun,26,689,27,10.9,28.8,74.1,25.9,233,23.7
2022,21/06/2022,Jun,26,690,27,1.9,28.6,73.9,22.3,135.2,23.5
2022,22/06/2022,Jun,26,691,27,6.3,29.5,71.6,18.4,280.2,23.8
2022,23/06/2022,Jun,26,692,29,9.1,29.6,73.8,22.3,257.8,24.4
2022,24/06/2022,Jun,26,693,21,2,31,69.4,22.3,266.7,24.6
2022,25/06/2022,Jun,26,694,35,4.5,30.3,69.8,22.3,223.4,24.1
2022,26/06/2022,Jun,27,695,32,3.5,30.5,65.4,27.7,237,23.2
2022,27/06/2022,Jun,27,696,17,3.6,31.6,65.7,25.9,259.8,24.3
2022,28/06/2022,Jun,27,697,47,6.6,30.6,70.4,25.9,237.8,24.5
2022,29/06/2022,Jun,27,698,40,18.7,29.5,76.1,22.3,250.7,24.8
2022,30/06/2022,Jun,27,699,33,3.6,28,84.5,18.4,173.4,25.2
2022,01/07/2022,Jul,27,700,22,10.4,29.8,75.7,18.4,235.9,25
2022,02/07/2022,Jul,27,701,49,1.3,31.2,65.9,22.3,273,23.9
2022,03/07/2022,Jul,28,702,42,1.1,30.7,71,24.1,267.1,24.8
2022,04/07/2022,Jul,28,703,36,0.7,30.3,71.2,18.4,264.7,24.4
2022,05/07/2022,Jul,28,704,46,1.5,30.8,70.2,18.4,258.6,24.6
2022,06/07/2022,Jul,28,705,32,0.9,28.9,81.9,20.5,143.3,25.4
2022,07/07/2022,Jul,28,706,31,2.8,30.8,70.5,18.4,252.2,24.7
2022,08/07/2022,Jul,28,707,29,3.5,30.5,69.4,18.4,239.8,24.2
2022,09/07/2022,Jul,28,708,17,0,31.6,66.9,18.4,270.5,24.5
2022,10/07/2022,Jul,29,709,4,0,30.8,67,19.5,271.5,23.9
2022,11/07/2022,Jul,29,710,7,0.3,31.3,68.7,29.5,258.9,24.8
2022,12/07/2022,Jul,29,711,73,0,31.3,64.8,22.3,265.1,23.7
2022,13/07/2022,Jul,29,712,51,0.1,32,63.3,18.4,230.3,24
2022,14/07/2022,Jul,29,713,51,0.3,32.1,61.3,22.3,267.5,23.5
2022,15/07/2022,Jul,29,714,31,0.5,31.8,66.8,18.4,188.2,24.7
2022,16/07/2022,Jul,29,715,60,0,31.7,65.2,22.3,304.5,24.3
2022,17/07/2022,Jul,30,716,53,1.2,31.3,66.9,22.3,201.6,24.3
2022,18/07/2022,Jul,30,717,66,3.6,31.2,69.3,22.3,259,24.8
2022,19/07/2022,Jul,30,718,51,10.8,30.8,70.9,27.7,227,24.9
2022,20/07/2022,Jul,30,719,70,12.2,29.2,76.5,20.4,199.7,24.6
2022,21/07/2022,Jul,30,720,69,7.1,30.7,72.6,16.5,248.8,25.1
2022,22/07/2022,Jul,30,721,35,2.3,31.3,67.1,16.2,254.6,24.3
2022,23/07/2022,Jul,30,722,67,1.1,31.4,65.5,25.8,252.2,24
2022,24/07/2022,Jul,31,723,65,8.2,28.5,75.7,22.5,255.5,23.7
2022,25/07/2022,Jul,31,724,60,7.4,28.4,78,18.4,126.5,24.2
2022,26/07/2022,Jul,31,725,99,6,28.5,77.8,16.5,135.4,24.2
2022,27/07/2022,Jul,31,726,61,1.3,30.6,67.8,14.8,212.8,23.9
2022,28/07/2022,Jul,31,727,64,5.4,30.5,70.5,18.4,212.3,24.4
2022,29/07/2022,Jul,31,728,65,7.6,31,71.2,13.2,199.9,25.1
2022,30/07/2022,Jul,31,729,85,2.7,30.5,71.7,13.1,181,24.7
2022,31/07/2022,Jul,32,730,80,1,30.1,71.5,20.4,188,24.4
2022,01/08/2022,Aug,32,731,87,12.3,29.4,74,25,192.9,24.2
2022,02/08/2022,Aug,32,732,65,12.2,29.4,73.6,13.8,255.8,24.2
2022,03/08/2022,Aug,32,733,77,7.3,30.3,73.6,16.6,115.3,25
2022,04/08/2022,Aug,32,734,91,2.3,29.1,76.3,17.4,222.2,24.4
2022,05/08/2022,Aug,32,735,40,4.3,31.2,67.9,14.8,228.2,24.4
2022,06/08/2022,Aug,32,736,77,13.3,30.2,69.9,13.6,124.6,24
2022,07/08/2022,Aug,33,737,87,2,31.4,65.9,14.8,261.2,24.1
2022,08/08/2022,Aug,33,738,79,6.1,31,69.4,22.3,186.7,24.6
2022,09/08/2022,Aug,33,739,53,1.5,30.2,70.6,28.2,264.3,24.1
2022,10/08/2022,Aug,33,740,92,2.8,29.1,75.5,24.9,201.3,24.3
2022,11/08/2022,Aug,33,741,90,2.5,30,66.4,26.3,199.3,22.9
2022,12/08/2022,Aug,33,742,53,1.1,30,69,14.9,230.4,23.5
2022,13/08/2022,Aug,33,743,92,3.4,29.5,75,20.2,216.2,24.5
2022,14/08/2022,Aug,34,744,116,4,27.9,81.4,28.7,133.4,24.4
2022,15/08/2022,Aug,34,745,96,2.2,30.1,70.8,20.4,260.1,24
2022,16/08/2022,Aug,34,746,128,1,30.8,65.5,15.6,244.7,23.5
2022,17/08/2022,Aug,34,747,98,0.4,30.6,70.7,118.4,213.3,24.7
2022,18/08/2022,Aug,34,748,93,7.8,32,69.9,24.2,295,25.6
2022,19/08/2022,Aug,34,749,54,4.1,30,72.1,32.2,246.6,24.2
2022,20/08/2022,Aug,34,750,117,0.3,30.1,70.3,25.6,211.2,24
2022,21/08/2022,Aug,35,751,135,0.2,30.8,66.9,14.9,237.5,23.8
2022,22/08/2022,Aug,35,752,139,1.6,30.9,69.3,15.5,252,24.6
2022,23/08/2022,Aug,35,753,153,22.5,30.2,75.3,18.4,193.1,25.2
2022,24/08/2022,Aug,35,754,165,0.2,29.9,71.2,62.1,193.8,24
2022,25/08/2022,Aug,35,755,180,0.2,29.9,69.4,11.2,266.1,23.6
2022,26/08/2022,Aug,35,756,68,0.5,30.8,66.2,20.2,187.8,23.7
2022,27/08/2022,Aug,35,757,131,2.6,30.9,68.7,20.4,170.1,24.5
2022,28/08/2022,Aug,36,758,176,9.1,29.8,73.3,20.4,163.3,24.5
2022,29/08/2022,Aug,36,759,201,3.2,30.5,68.3,103.9,261.1,23.8
2022,30/08/2022,Aug,36,760,237,3.2,31.5,67.2,20.2,190.5,24.5
2022,31/08/2022,Aug,36,761,251,2.2,31.3,64.3,18.4,228.3,23.6
2022,01/09/2022,Sep,36,762,176,3.2,31.5,65.9,24.2,213.7,24.3
2022,02/09/2022,Sep,36,763,90,10.7,30.7,70.9,20.1,204.6,24.7
2022,03/09/2022,Sep,36,764,285,7.1,28.8,80.3,27.7,240.4,24.9
2022,04/09/2022,Sep,37,765,213,10.1,28.8,80.6,20.2,206,25.1
2022,05/09/2022,Sep,37,766,208,5.7,29.2,79.7,14.8,224.9,25.2
2022,06/09/2022,Sep,37,767,284,17.9,28.4,82.2,14,146.2,25.1
2022,07/09/2022,Sep,37,768,279,0.2,30.3,72.5,13.8,243.6,24.6
2022,08/09/2022,Sep,37,769,275,4.6,29.7,75.8,19.8,256,24.9
2022,09/09/2022,Sep,37,770,145,7,31,68.5,25.5,206,24.4
2022,10/09/2022,Sep,37,771,294,4.5,29.9,71.8,21.1,195.3,24.2
2022,11/09/2022,Sep,38,772,360,12,29.5,73.3,23.2,161.6,24.1
2022,12/09/2022,Sep,38,773,345,62.5,27.7,82.8,22.8,16.1,24.4
2022,13/09/2022,Sep,38,774,353,81.3,26.7,86.9,18.4,51.4,24.3
2022,14/09/2022,Sep,38,775,389,17.9,26.3,84.5,15.6,170.6,23.5
2022,15/09/2022,Sep,38,776,395,8.3,29.3,69.3,18.4,238,23
2022,16/09/2022,Sep,38,777,164,10.7,30.4,67.6,18.4,224,23.6
2022,17/09/2022,Sep,38,778,381,5,30.2,69.5,17.4,232.6,24
2022,18/09/2022,Sep,39,779,399,2.9,28.8,75.9,14.1,228.3,24.1
2022,19/09/2022,Sep,39,780,392,19.6,29.9,71.7,14.9,197.4,24.1
2022,20/09/2022,Sep,39,781,438,0.4,30.1,68.8,27.7,225.5,23.6
2022,21/09/2022,Sep,39,782,431,2.9,30.8,66.9,18.4,240.6,23.8
2022,22/09/2022,Sep,39,783,437,3,30.6,67.8,18.4,241.1,23.9
2022,23/09/2022,Sep,39,784,125,1.1,29.3,73,20.4,227.4,23.9
2022,24/09/2022,Sep,39,785,440,14.9,29.3,74.1,12,224.7,24.1
2022,25/09/2022,Sep,40,786,440,6.6,29.3,73.5,14.8,192.3,24
2022,26/09/2022,Sep,40,787,482,10.3,29.3,72.1,16.5,188.8,23.7
2022,27/09/2022,Sep,40,788,460,11.5,29.5,71.2,12.9,233.6,23.6
2022,28/09/2022,Sep,40,789,528,7.7,29.6,74.2,10.3,210.5,24.5
2022,29/09/2022,Sep,40,790,506,0.7,29.5,75.9,20.4,265.8,24.7
2022,30/09/2022,Sep,40,791,280,0,30.9,66.6,15.6,250.7,23.7
2022,01/10/2022,Oct,40,792,635,3.8,30.6,68.9,8.4,224.5,24.2
2022,02/10/2022,Oct,41,793,568,27.1,28.2,79,27.7,138.3,24
2022,03/10/2022,Oct,41,794,525,16.5,27.6,82.2,20.4,201.3,24.2
2022,04/10/2022,Oct,41,795,482,7.7,29,74.9,17.4,118.9,23.9
2022,05/10/2022,Oct,41,796,344,6.5,29.8,71.3,13.1,153.1,23.8
2022,06/10/2022,Oct,41,797,637,0.7,30.6,68.6,22,233.3,24
2022,07/10/2022,Oct,41,798,240,0.4,30.2,66.3,7.6,175.9,23.1
2022,08/10/2022,Oct,41,799,712,1.1,30.6,66.5,12,184.6,23.4
2022,09/10/2022,Oct,42,800,334,1.4,29.9,71.9,13.8,201.4,24.2
2022,10/10/2022,Oct,42,801,624,7,30.1,68.4,18.4,223.4,23.5
2022,11/10/2022,Oct,42,802,677,16.7,29.9,70.6,20.4,199,23.9
2022,12/10/2022,Oct,42,803,647,14.8,28.2,77.6,14.8,195.6,23.9
2022,13/10/2022,Oct,42,804,765,4.3,28.7,76.6,12.2,200.7,24.1
2022,14/10/2022,Oct,42,805,310,8.9,29.1,70.2,12.9,175.3,23
2022,15/10/2022,Oct,42,806,734,0.1,29.6,68.6,14.9,244.6,23
2022,16/10/2022,Oct,43,807,855,0,30,60.1,18.4,248.5,21.1
2022,17/10/2022,Oct,43,808,857,0,30.1,62.7,14.9,245.1,22
2022,18/10/2022,Oct,43,809,900,0,29.7,69,14.1,243,23.3
2022,19/10/2022,Oct,43,810,864,0.8,29.4,64.8,12.9,230,21.8
2022,20/10/2022,Oct,43,811,896,0,29.5,62.6,16.7,242.3,21.5
2022,21/10/2022,Oct,43,812,409,0,30,61.7,18.4,242.9,21.7
2022,22/10/2022,Oct,43,813,922,0,30.1,63.5,14.8,238.5,22.1
2022,23/10/2022,Oct,44,814,1038,0.4,28.2,77.1,13.1,27.5,23.8
2022,24/10/2022,Oct,44,815,903,156,24.5,90.3,44.1,3.8,22.7
2022,25/10/2022,Oct,44,816,750,2.9,24.7,79.4,46.4,177.9,20.7
2022,26/10/2022,Oct,44,817,923,0,27.9,67.1,11.9,236.8,21
2022,27/10/2022,Oct,44,818,899,0,27.8,66.9,11.1,226.3,20.8
2022,28/10/2022,Oct,44,819,440,0,27.2,66.9,16.7,235.9,20.3
2022,29/10/2022,Oct,44,820,869,0,27.1,67.7,11.6,234.3,20.4
2022,30/10/2022,Oct,45,821,1020,0,27.4,67.3,10.2,229.4,20.6
2022,31/10/2022,Oct,45,822,873,0,28.1,66.1,6.5,225,21
2022,01/11/2022,Nov,45,823,983,0,29,67.6,12.9,223.5,22.3
2022,02/11/2022,Nov,45,824,1094,0,28.8,66.1,19.5,219.5,21.6
2022,03/11/2022,Nov,45,825,882,0,27.3,69.1,14,175.6,21
2022,04/11/2022,Nov,45,826,428,0,26.4,65.7,11,227.7,19.3
2022,05/11/2022,Nov,45,827,788,0,26.9,66.6,6.5,225.6,19.9
2022,06/11/2022,Nov,46,828,908,0,27.5,66.8,12,221.2,20.5
2022,07/11/2022,Nov,46,829,875,0,27.4,63.1,12.2,221.2,19.5
2022,08/11/2022,Nov,46,830,820,0,27.1,65.1,16.7,219.8,19.8
2022,09/11/2022,Nov,46,831,796,0,27.2,63.9,12,217.7,19.6
2022,10/11/2022,Nov,46,832,888,0,26.7,61.3,12.9,217.7,18.4
2022,11/11/2022,Nov,46,833,266,0,26.6,62.9,8.4,214.3,18.5
2022,12/11/2022,Nov,46,834,918,0,26.4,64.5,16.7,214.8,18.9
2022,13/11/2022,Nov,47,835,859,0,25.7,65.1,16.7,219.9,18.4
2022,14/11/2022,Nov,47,836,760,0,25.7,64.2,10.2,217.9,18.2
2022,15/11/2022,Nov,47,837,692,0,25.3,65.1,10.3,213.9,17.9
2022,16/11/2022,Nov,47,838,675,0,25.7,64.4,7.8,211.2,18.2
2022,17/11/2022,Nov,47,839,685,0,25.3,64,11.2,211.1,17.7
2022,18/11/2022,Nov,47,840,250,0,25.4,65.1,8.4,204.1,18.1
2022,19/11/2022,Nov,47,841,559,0,24.5,66.1,10.2,189.2,17.5
2022,20/11/2022,Nov,48,842,646,0,25.4,64.4,10.3,122.3,17.8
2022,21/11/2022,Nov,48,843,606,0,25.9,59,13.9,183.3,17
2022,22/11/2022,Nov,48,844,515,0,25.1,64.9,18.7,208.7,17.9
2022,23/11/2022,Nov,48,845,477,0,24.4,64.3,17.4,206.8,16.8
2022,24/11/2022,Nov,48,846,519,0,24.6,63.2,14.9,204,16.9
2022,25/11/2022,Nov,48,847,221,0,25.5,65.8,6.7,204.5,18.3
2022,26/11/2022,Nov,48,848,462,0,25.6,63.5,13.1,204.7,17.7
2022,27/11/2022,Nov,49,849,523,0,25.7,63,9.3,203.5,17.8
2022,28/11/2022,Nov,49,850,366,0,25.2,61.9,7.6,200.9,17.2
2022,29/11/2022,Nov,49,851,436,0,25.7,59.3,10.3,135,16.9
2022,30/11/2022,Nov,49,852,426,0,26.9,56.3,11.2,150.9,17.2
2022,01/12/2022,Dec,49,853,380,0,25.6,60.6,13.8,199.5,17.1
2022,02/12/2022,Dec,49,854,120,0,25,61.9,13.8,200,16.8
2022,03/12/2022,Dec,49,855,351,0,24.5,61.4,14.8,200.4,16.4
2022,04/12/2022,Dec,50,856,410,0,23.8,63.3,11.2,198.7,16.1
2022,05/12/2022,Dec,50,857,308,0,23.6,65.2,8.4,198,16.3
2022,06/12/2022,Dec,50,858,269,0,23.6,66.4,14.8,196.5,16.7
2022,07/12/2022,Dec,50,859,253,0,23.4,64.9,16.6,185.2,16.2
2022,08/12/2022,Dec,50,860,246,0,23.5,65.6,11.9,177.3,16.4
2022,09/12/2022,Dec,50,861,118,0,23.2,65.3,12,191.5,16
2022,10/12/2022,Dec,50,862,265,0,23.5,64,9.3,187.5,16
2022,11/12/2022,Dec,51,863,220,0,24,63.8,13.8,193.4,16.3
2022,12/12/2022,Dec,51,864,224,0,23,66.3,12.9,192.3,16.1
2022,13/12/2022,Dec,51,865,220,0,23,68.9,8.5,191.5,16.7
2022,14/12/2022,Dec,51,866,184,0,22.6,73.1,4.9,193.5,17.4
2022,15/12/2022,Dec,51,867,163,0,22.9,70.3,14.8,195,16.9
2022,16/12/2022,Dec,51,868,49,0,21.8,72.6,13.1,197.2,16.5
2022,17/12/2022,Dec,51,869,125,0,21.9,71.9,8.5,193,16.3
2022,18/12/2022,Dec,52,870,145,0,21.5,77.5,12.1,193.5,17.1
2022,19/12/2022,Dec,52,871,113,0,21.8,70.7,10.3,191.2,16
2022,20/12/2022,Dec,52,872,108,0,22.6,69.1,9.5,189.1,16.2
2022,21/12/2022,Dec,52,873,126,0,22.5,70.8,12.9,188.2,16.7
2022,22/12/2022,Dec,52,874,89,0,22.4,73,12.1,169.9,17.1
2022,23/12/2022,Dec,52,875,39,0,22,66.4,14.8,191.8,15
2022,24/12/2022,Dec,52,876,89,0,21.5,67.6,11.2,194.6,15
2022,25/12/2022,Dec,53,877,49,0,22.1,67.7,2.8,189,15.5
2022,26/12/2022,Dec,53,878,106,0,23,66.6,18.4,186.7,16
2022,27/12/2022,Dec,53,879,62,0.7,22,79.1,11,133.8,18.2
2022,28/12/2022,Dec,53,880,67,0,21.5,81.2,10.2,180.3,18
2022,29/12/2022,Dec,53,881,65,0,20,79.7,12,198.1,16.1
2022,30/12/2022,Dec,53,882,14,0,19.1,81.3,9.5,194,15.7
2022,31/12/2022,Dec,53,883,47,0,18.6,80.6,6.4,193.8,15
2023,01/01/2023,Jan,1,884,41,0,18.8,79.6,14.8,194.8,14.9
2023,02/01/2023,Jan,1,885,38,0,20,73.5,11.2,197.8,14.7
2023,03/01/2023,Jan,1,886,48,0,19.5,79.6,17.2,197.8,15.8
2023,04/01/2023,Jan,1,887,49,0,17,85.4,18.4,197.9,14.5
2023,05/01/2023,Jan,1,888,31,0,16.5,86.1,13,196.8,14.1
2023,06/01/2023,Jan,1,889,8,0,16.2,85.3,14.8,200.5,13.6
2023,07/01/2023,Jan,1,890,27,0,16.5,86.1,13,200.8,14.1
2023,08/01/2023,Jan,2,891,27,0,16.5,87,7.6,198.4,14.2
2023,09/01/2023,Jan,2,892,20,0,19.7,74.2,11.2,201.6,14.8
2023,10/01/2023,Jan,2,893,32,0,21.2,65.6,14.8,203.3,14.1
2023,11/01/2023,Jan,2,894,20,0,20.2,65,14.8,206,13
2023,12/01/2023,Jan,2,895,18,0,18.3,72.9,14.8,207.4,13.1
2023,13/01/2023,Jan,2,896,10,0,18.9,74,7.6,205.3,14
2023,14/01/2023,Jan,2,897,7,0,20.1,81.6,9.4,201.7,16.8
2023,15/01/2023,Jan,3,898,22,0,21.2,74.2,11.2,203,15.8
2023,16/01/2023,Jan,3,899,13,0,20.6,67.8,16.6,193.3,14.3
2023,17/01/2023,Jan,3,900,12,0,19.4,67.1,16.6,207.4,13
2023,18/01/2023,Jan,3,901,14,0,18.9,66.6,11.2,211.2,12.3
2023,19/01/2023,Jan,3,902,16,0,19.1,64.1,15.6,215.1,11.7
2023,20/01/2023,Jan,3,903,1,0,19.8,64.1,11.2,212.8,12.4
2023,21/01/2023,Jan,3,904,11,0,20,67.4,29.5,214.6,13.3
2023,22/01/2023,Jan,4,905,8,0,20.5,70.3,7.6,214.3,14.5
2023,23/01/2023,Jan,4,906,15,0,21,72.3,7.6,211.5,15.6
2023,24/01/2023,Jan,4,907,14,0,22.2,62.4,9.4,213.3,14.1
2023,25/01/2023,Jan,4,908,12,0,22.6,67.2,9.4,213.8,15.8
2023,26/01/2023,Jan,4,909,12,0,22,75.8,7.6,210.9,17.4
2023,27/01/2023,Jan,4,910,2,0,23.2,75.3,14.8,213.2,18.4
2023,28/01/2023,Jan,4,911,6,0,22.8,68.3,13,217.5,16.4
2023,29/01/2023,Jan,5,912,14,0,21.1,70,14.8,226.5,15.2
2023,30/01/2023,Jan,5,913,7,0,22,71.6,9.4,226.5,16.2
2023,31/01/2023,Jan,5,914,14,0,23.1,72.9,14.8,214.5,17.6
2023,01/02/2023,Feb,5,915,2,0,23.4,66,18.4,194,16.7
2023,02/02/2023,Feb,5,916,8,0,21.4,65.9,20.5,239,14.4
2023,03/02/2023,Feb,5,917,2,0,21.6,61.8,18.4,233.6,13.1
2023,04/02/2023,Feb,5,918,10,0,21.8,61.4,14.8,233.8,13.8
2023,05/02/2023,Feb,6,919,5,0,21.5,67.5,18.4,234.6,14.5
2023,06/02/2023,Feb,6,920,11,0,21.3,65.7,24.1,235.1,14.4
2023,07/02/2023,Feb,6,921,7,0,21.8,65.8,24.1,234.5,14.8
2023,08/02/2023,Feb,6,922,11,0,22.7,68.4,16.6,231.3,16.2
2023,09/02/2023,Feb,6,923,6,0,23.7,66.1,11.2,234.5,16.6
2023,10/02/2023,Feb,6,924,3,0,23.4,63.3,24.1,239.3,15.4
2023,11/02/2023,Feb,6,925,13,0,23.6,64.7,18.4,241.7,16.3
2023,12/02/2023,Feb,7,926,14,0,24.5,64.3,18.4,241.8,17
2023,13/02/2023,Feb,7,927,5,0,23.6,52.8,22.3,254.5,12.8
2023,14/02/2023,Feb,7,928,10,0,22.4,53.3,18.4,252.8,11.6
2023,15/02/2023,Feb,7,929,9,0,22.2,60.2,18.4,251.5,13.7
2023,16/02/2023,Feb,7,930,9,0,22.4,61,14.8,250.5,14.2
2023,17/02/2023,Feb,7,931,0,0,22.8,62.9,9.4,248.2,14.9
2023,18/02/2023,Feb,7,932,5,0,23.9,64.8,13,238.3,16.5
2023,19/02/2023,Feb,8,933,4,0,24.7,65.6,14.8,204.5,17.6
2023,20/02/2023,Feb,8,934,4,0,24.8,70.5,9.4,247.3,18.9
2023,21/02/2023,Feb,8,935,1,0,25.5,69.3,18.4,237,19.3
2023,22/02/2023,Feb,8,936,8,0,26.5,66.7,27.7,251.6,19.6
2023,23/02/2023,Feb,8,937,5,0,26.9,65.8,27.7,254,19.6
2023,24/02/2023,Feb,8,938,2,0,27.3,64.4,14.8,254.2,19.7
2023,25/02/2023,Feb,8,939,4,0,26.6,62.4,14.8,257.2,18.3
2023,26/02/2023,Feb,9,940,8,0,25.9,52.5,18.4,270.2,15.1
2023,27/02/2023,Feb,9,941,3,0,26.2,59,18.4,264.2,17.1
2023,28/02/2023,Feb,9,942,2,0,26.2,57.1,22.3,271.4,16.4
2023,01/03/2023,Mar,9,943,3,0,27.2,52.1,14.8,271.5,15.8
2023,02/03/2023,Mar,9,944,16,0,26.7,62.1,14.8,271.1,18.3
2023,03/03/2023,Mar,9,945,1,0,27.6,59.3,22.3,273.4,18.6
2023,04/03/2023,Mar,9,946,2,0,27.1,65.5,11.2,273.5,19.5
2023,05/03/2023,Mar,10,947,4,0,27.8,56.6,14.8,274.5,17.7
2023,06/03/2023,Mar,10,948,8,0,28.1,54.8,18.4,277.1,17.5
2023,07/03/2023,Mar,10,949,2,0,28.1,55.9,22.3,278.8,17.6
2023,08/03/2023,Mar,10,950,1,0,27.9,52.8,18.4,264.3,16.6
2023,09/03/2023,Mar,10,951,7,0,28.1,60,18.4,265,19.3
2023,10/03/2023,Mar,10,952,1,0,27.8,51,14.8,228.5,16.4
2023,11/03/2023,Mar,10,953,2,0,27.8,58.2,14.8,257,18.4
2023,12/03/2023,Mar,11,954,3,0,28.2,56.6,17.9,284.7,18.3
2023,13/03/2023,Mar,11,955,4,0,28.8,55.2,25.9,289.7,18.3
2023,14/03/2023,Mar,11,956,2,0,28.3,58.7,22.3,274.5,19.1
2023,15/03/2023,Mar,11,957,5,0.1,27.6,66.9,24.1,264.3,20.8
2023,16/03/2023,Mar,11,958,3,3.2,27.8,66.7,14.8,204.3,20.8
2023,17/03/2023,Mar,11,959,0,1.4,26,73,18.4,215.6,20.7
2023,18/03/2023,Mar,11,960,4,0.1,26,69.7,11.2,247.9,19.9
2023,19/03/2023,Mar,12,961,7,11.2,24.1,80.1,18.4,52.7,20.4
2023,20/03/2023,Mar,12,962,2,6.5,25.5,74,18.4,217.9,20.2
2023,21/03/2023,Mar,12,963,4,4.3,25.8,68.1,18.4,214.3,19.4
2023,22/03/2023,Mar,12,964,5,1.2,25.8,68.8,27.7,245.2,19.4
2023,23/03/2023,Mar,12,965,1,1.1,26.5,67.2,22.3,235.2,19.6
2023,24/03/2023,Mar,12,966,0,0.3,26,71.8,22.3,227.3,20.3
2023,25/03/2023,Mar,12,967,6,0.1,26.5,73.5,14.8,261.6,21.2
2023,26/03/2023,Mar,13,968,0,2.7,27.6,67,18.4,232.5,20.7
2023,27/03/2023,Mar,13,969,4,0.7,27.4,64.6,22.3,268,19.8
2023,28/03/2023,Mar,13,970,6,8.1,27.9,64.5,14.8,231.6,20.4
2023,29/03/2023,Mar,13,971,2,2.6,26.5,75.6,22.3,231.2,21.7
2023,30/03/2023,Mar,13,972,6,2.2,27.2,69.8,18.4,238.3,20.9
2023,31/03/2023,Mar,13,973,0,20.7,26.3,68.3,27.7,222.8,19.7
2023,01/04/2023,Apr,13,974,4,1.2,25.1,75.3,29.5,173.7,20.4
2023,02/04/2023,Apr,14,975,3,1,26.1,68.2,22.3,264.2,19.5
2023,03/04/2023,Apr,14,976,2,0.5,27.9,64.1,25.9,257.6,19.8
2023,04/04/2023,Apr,14,977,5,0,29,62.7,22.3,273.5,20.8
2023,05/04/2023,Apr,14,978,5,2.4,29.6,66.6,29.5,228.2,22.6
2023,06/04/2023,Apr,14,979,12,1.7,29.8,59.4,37.1,308.8,20.1
2023,07/04/2023,Apr,14,980,0,0,30.5,51.4,20.5,316.3,18.6
2023,08/04/2023,Apr,14,981,1,0,30.4,52,14.8,317.1,18.7
2023,09/04/2023,Apr,15,982,4,0,30.5,50,18.4,319.5,18.2
2023,10/04/2023,Apr,15,983,9,0,30.9,52,18.4,317.7,19.1
2023,11/04/2023,Apr,15,984,6,0,31,50.7,16.6,316.5,18.4
2023,12/04/2023,Apr,15,985,4,0,31.2,47.7,16.6,324.1,17.9
2023,13/04/2023,Apr,15,986,3,0,32.1,46.8,22.3,327.7,18.6
2023,14/04/2023,Apr,15,987,0,0,32.4,44.9,18.4,318,18.1
2023,15/04/2023,Apr,15,988,0,0,33.5,50.5,14.8,267.3,20.9
2023,16/04/2023,Apr,16,989,7,0,33.5,49.8,18.4,309.7,20.5
2023,17/04/2023,Apr,16,990,5,0,32.7,58.7,25.9,299.4,23.3
2023,18/04/2023,Apr,16,991,7,0,32.4,63.4,22.3,286,24.1
2023,19/04/2023,Apr,16,992,0,0,32.3,62.5,22.3,282.5,23.6
2023,20/04/2023,Apr,16,993,1,0,32.3,65.9,25.9,294.1,24.9
2023,21/04/2023,Apr,16,994,0,17.9,30.4,67.2,27.7,266,23.4
2023,22/04/2023,Apr,16,995,0,0.6,29.1,60.1,18.4,304.1,20.3
2023,23/04/2023,Apr,17,996,0,0.1,27.5,65.3,22.3,123.5,20.3
2023,24/04/2023,Apr,17,997,9,0.6,28,63.8,18.4,309.8,20.1
2023,25/04/2023,Apr,17,998,11,0,30.3,55.5,22.3,309.3,19.9
2023,26/04/2023,Apr,17,999,8,0,31,52,11.2,306.5,19.2
2023,27/04/2023,Apr,17,1000,13,0.3,30.3,60.8,34.4,256.4,21.3
2023,28/04/2023,Apr,17,1001,0,0,29,59.5,18.4,300.7,19.9
2023,29/04/2023,Apr,17,1002,15,0.6,29.7,66.1,29.5,283.9,22.3
2023,30/04/2023,Apr,18,1003,9,0.9,29.5,63,18.4,308.9,21.2
2023,01/05/2023,May,18,1004,24,1.3,28.7,66,24.1,277,21.4
2023,02/05/2023,May,18,1005,27,0,29.9,59.6,22.3,323.7,20.7
2023,03/05/2023,May,18,1006,16,1.2,29.2,66.5,24.1,221.7,22.1
2023,04/05/2023,May,18,1007,9,2.9,28.3,70,20.5,237,22.1
2023,05/05/2023,May,18,1008,4,0.7,30.3,62.6,18.4,222.1,21.9
2023,06/05/2023,May,18,1009,14,1,30.2,63.3,14.8,232.5,22.2
2023,07/05/2023,May,19,1010,9,0,31.1,59.4,20.5,321.2,21.9
2023,08/05/2023,May,19,1011,34,0,33,55.6,22.3,334,22.5
2023,09/05/2023,May,19,1012,21,0,32.9,52.7,18.4,303.5,21.7
2023,10/05/2023,May,19,1013,28,0.5,31.8,57.6,22.3,281.1,22.1
2023,11/05/2023,May,19,1014,19,0,31.5,58.8,25.9,314.8,22
2023,12/05/2023,May,19,1015,5,0,31.4,59.4,5.4,284.7,22.3
2023,13/05/2023,May,19,1016,29,0.4,30.8,65.5,14.8,194.2,23.4
2023,14/05/2023,May,20,1017,18,0,29,61.2,22.3,178.3,20.5
2023,15/05/2023,May,20,1018,18,0,29.7,55.3,22.3,328.1,19.5
2023,16/05/2023,May,20,1019,31,9.2,29.5,67.9,74.2,236.2,22.6
2023,17/05/2023,May,20,1020,38,28.4,27.5,70,27.7,253.2,21.3
2023,18/05/2023,May,20,1021,29,5,27.3,74.1,18.4,242.7,21.9
2023,19/05/2023,May,20,1022,3,6.2,29.2,71.3,18.4,268.7,23.4
2023,20/05/2023,May,20,1023,52,4.8,30.4,64,22.3,317.3,22.6
2023,21/05/2023,May,21,1024,33,10.7,30.2,70.1,27.7,321.5,23.9
2023,22/05/2023,May,21,1025,40,0.6,29.5,72,18.4,291.3,23.7
2023,23/05/2023,May,21,1026,46,9.2,28.4,78.7,28.1,186.6,24.1
2023,24/05/2023,May,21,1027,35,0.3,28,73,16.6,278.9,22.4
2023,25/05/2023,May,21,1028,52,7.8,28.9,69.7,37.1,318.3,22.6
2023,26/05/2023,May,21,1029,4,1.8,29.8,64.2,25.9,323.2,22
2023,27/05/2023,May,21,1030,80,4.4,28,76.2,14.8,297.7,23.3
2023,28/05/2023,May,22,1031,67,0,29.5,65.2,11.2,334,21.8
2023,29/05/2023,May,22,1032,72,0,31.2,59.6,14.8,300,22
2023,30/05/2023,May,22,1033,84,0,32.3,57,14.8,319.2,22.3
2023,31/05/2023,May,22,1034,95,0,32.5,56.7,18.4,334.5,22.5
2023,01/06/2023,Jun,22,1035,112,0.1,32.8,60.6,22.3,266.3,24
2023,02/06/2023,Jun,22,1036,4,0,32.7,63.1,25.9,332.5,24.4
2023,03/06/2023,Jun,22,1037,141,1.4,32.4,61.7,18.4,274.4,23.8
2023,04/06/2023,Jun,23,1038,97,0.4,32.8,59.1,18.4,267.3,23.5
2023,05/06/2023,Jun,23,1039,101,0,32.9,58.3,14.8,335.9,23.2
2023,06/06/2023,Jun,23,1040,96,0,33.5,59.1,18.4,297.4,24.2
2023,07/06/2023,Jun,23,1041,147,0,33.1,63.2,18.4,285.1,25
2023,08/06/2023,Jun,23,1042,138,0.1,30.6,74.4,27.7,33.9,25.5
2023,09/06/2023,Jun,23,1043,11,3.9,27.8,79.1,25.9,54.3,23.8
2023,10/06/2023,Jun,23,1044,156,12.2,28.3,78.8,14.8,145,24.2
2023,11/06/2023,Jun,24,1045,189,2.5,29,75.1,18.4,160.4,24.1
2023,12/06/2023,Jun,24,1046,180,0.9,28.3,79.1,27.7,283,24.3
2023,13/06/2023,Jun,24,1047,211,4.1,29.7,71.6,27.7,249.5,23.9
2023,14/06/2023,Jun,24,1048,201,3.9,31.1,68.4,25.9,294.6,24.4
2023,15/06/2023,Jun,24,1049,285,29,30.8,72.2,33.5,235.9,25.2
2023,16/06/2023,Jun,24,1050,39,17.2,30.9,75.4,37.1,237,25.9
2023,17/06/2023,Jun,24,1051,477,23.8,30.1,73.9,33.5,245.7,24.7
2023,18/06/2023,Jun,25,1052,305,20.6,28.4,81.7,18.4,166.7,24.9
2023,19/06/2023,Jun,25,1053,322,68.6,29.2,75.9,20.5,129.8,24.4
2023,20/06/2023,Jun,25,1054,334,4.1,28.2,80.5,22.3,230.2,24.4
2023,21/06/2023,Jun,25,1055,360,20.2,29.5,78.9,22.3,172.8,25.3
2023,22/06/2023,Jun,25,1056,369,5.4,29.7,75.5,22.3,70,24.8
2023,23/06/2023,Jun,25,1057,46,6.2,29.8,73.9,19.6,286.5,24.6
2023,24/06/2023,Jun,25,1058,500,0.8,30.2,71.9,18.4,213.7,24.4
2023,25/06/2023,Jun,26,1059,399,2.6,29.8,70.8,23.3,252.4,23.8
2023,26/06/2023,Jun,26,1060,371,4.5,28.9,72.7,18.7,228.4,23.5
2023,27/06/2023,Jun,26,1061,145,20.2,27.2,82.9,20.4,96.1,24
2023,28/06/2023,Jun,26,1062,108,17.6,27,85.8,18.4,69.8,24.3
2023,29/06/2023,Jun,26,1063,44,17.9,27,88.4,25.2,138.3,24.8
2023,30/06/2023,Jun,26,1064,72,21.6,28,82.1,35,186.7,24.5
2023,01/07/2023,Jul,26,1065,270,11.2,27,88.8,20.9,171.3,25
2023,02/07/2023,Jul,27,1066,509,13.3,28.8,82.1,27.7,207.2,25.4
2023,03/07/2023,Jul,27,1067,436,5.8,30,80.1,18.7,262.9,26.1
2023,04/07/2023,Jul,27,1068,678,3.6,31.4,69.7,14.8,268.9,24.9
2023,05/07/2023,Jul,27,1069,584,13,30.3,74.6,14.8,251.4,25.1
2023,06/07/2023,Jul,27,1070,661,4.3,29.3,78.8,22.3,255.7,25.2
2023,07/07/2023,Jul,27,1071,182,10.1,29.3,78.1,25.1,212.5,25
2023,08/07/2023,Jul,27,1072,820,1.4,29.6,75.3,22.3,255.8,24.6
2023,09/07/2023,Jul,28,1073,836,6.4,30.1,72.6,18.4,257.3,24.5
2023,10/07/2023,Jul,28,1074,889,9.4,30.1,73.9,23.7,247.6,24.9
2023,11/07/2023,Jul,28,1075,1054,2.5,30,73.6,26.9,258.5,24.7
2023,12/07/2023,Jul,28,1076,1246,4.9,30.1,71.9,20.4,254.2,24.4
2023,13/07/2023,Jul,28,1077,1239,3.4,30,71.7,20.4,230.5,24.2
2023,14/07/2023,Jul,28,1078,449,10.7,30.3,71.2,18.6,175.6,24.4
2023,15/07/2023,Jul,28,1079,1623,2.1,29.5,72.5,20.4,256.3,23.9
2023,16/07/2023,Jul,29,1080,1424,2.9,28.6,77.1,18.4,223.4,24.1
2023,17/07/2023,Jul,29,1081,1589,9.2,29.8,73.5,19.4,231.6,24.5
2023,18/07/2023,Jul,29,1082,1533,2,30.8,66.9,18.4,307.9,23.7
2023,19/07/2023,Jul,29,1083,1792,0.1,31.6,64,20.4,265,23.8
2023,20/07/2023,Jul,29,1084,1755,0.2,31.3,65.8,18.7,268.7,24
2023,21/07/2023,Jul,29,1085,896,14.6,31.2,67.4,18.4,107.6,24.3
2023,22/07/2023,Jul,29,1086,2242,0.6,31.1,70,23.3,231.3,24.8
2023,23/07/2023,Jul,30,1087,2292,1.2,31.2,68.3,16.6,179.8,24.5
2023,24/07/2023,Jul,30,1088,2293,0.4,31.8,65.1,16.5,238.5,24.2
2023,25/07/2023,Jul,30,1089,2418,0.9,31.6,66.9,20.2,242.6,24.5
2023,26/07/2023,Jul,30,1090,2653,6.4,31.1,66.9,23.3,229.3,24.1
2023,27/07/2023,Jul,30,1091,2361,3.7,30.2,75,15.8,240.4,25.2
2023,28/07/2023,Jul,30,1092,1503,0.9,29.8,74.7,20.4,262.1,24.7
2023,29/07/2023,Jul,30,1093,2202,0.4,30.6,73.1,18.4,196.7,25.2
2023,30/07/2023,Jul,31,1094,2731,1.1,31.5,68,12.9,256.9,24.6
2023,31/07/2023,Jul,31,1095,2694,7.1,31.7,70.2,20.1,214.4,25.3
2023,01/08/2023,Aug,31,1096,2584,6.7,30.4,74.2,22.3,253,25.2
2023,02/08/2023,Aug,31,1097,2711,3.6,28.8,80.9,23.3,154,25.2
2023,03/08/2023,Aug,31,1098,2589,4.9,29.1,77.3,18.4,213.7,24.6
2023,04/08/2023,Aug,31,1099,1757,14.3,28.3,82.6,27.6,244.3,25
2023,05/08/2023,Aug,31,1100,2495,13.3,29.5,77.4,27.6,246.4,25.1
2023,06/08/2023,Aug,32,1101,2764,27.3,28.4,83,19.5,73.4,25.2
2023,07/08/2023,Aug,32,1102,2751,20.7,27.8,91.2,25,21.1,26.2
2023,08/08/2023,Aug,32,1103,2742,8.6,27.7,87,20.4,25.8,25.3
2023,09/08/2023,Aug,32,1104,2844,5.6,28.8,80.3,14.8,244.2,24.9
2023,10/08/2023,Aug,32,1105,2959,10,28.6,81.4,23.3,190.5,25
2023,11/08/2023,Aug,32,1106,2046,5,28.3,83.3,14.8,256.6,25.2
2023,12/08/2023,Aug,32,1107,2432,20.8,29.5,78.5,20.4,225.5,25.3
2023,13/08/2023,Aug,33,1108,2905,28.7,27.5,91.3,13.8,41.8,26
2023,14/08/2023,Aug,33,1109,2480,14.8,28.2,80.3,12.9,241.4,24.4
2023,15/08/2023,Aug,33,1110,1984,9.4,29.3,80,14.8,250.6,25.4
2023,16/08/2023,Aug,33,1111,2149,3.5,29,83.5,9.3,210.1,25.9
2023,17/08/2023,Aug,33,1112,2288,2.7,30.6,72.9,18.4,213.6,25
2023,18/08/2023,Aug,33,1113,1565,0.1,31.3,68.9,23.3,288.2,24.7
2023,19/08/2023,Aug,33,1114,1983,1.2,29.9,74.6,18.4,219.7,24.8
2023,20/08/2023,Aug,34,1115,2134,0.3,30.8,69.2,18.4,214.3,24.4
2023,21/08/2023,Aug,34,1116,2197,0.2,30.9,66.6,16.7,275.2,23.8
2023,22/08/2023,Aug,34,1117,2168,13.1,29.1,79.1,22.3,110.3,25
2023,23/08/2023,Aug,34,1118,2070,11.5,29.1,79.5,18.4,118.4,25.1
2023,24/08/2023,Aug,34,1119,2201,17.2,28.7,82.8,18.4,165.2,25.4
2023,25/08/2023,Aug,34,1120,1594,21,28.5,83.1,20.2,107.6,25.3
2023,26/08/2023,Aug,34,1121,1960,6.3,28.7,80.2,20.4,127.5,24.8
2023,27/08/2023,Aug,35,1122,2327,11.9,29.7,74.5,23.3,175.4,24.5
2023,28/08/2023,Aug,35,1123,2331,1.7,30.3,73.1,13.1,193.9,24.8
2023,29/08/2023,Aug,35,1124,2291,1.1,30.1,73.4,16.5,210.3,24.7
2023,30/08/2023,Aug,35,1125,2367,0,31.5,65.6,14.8,272.9,24
2023,31/08/2023,Aug,35,1126,2308,0.8,30.2,78.1,16.5,206.8,25.8
2023,01/09/2023,Sep,35,1127,1534,1.5,30.1,78.2,16.7,166,25.8
2023,02/09/2023,Sep,35,1128,2352,1.6,30.4,74.5,12.2,208.3,25.3
2023,03/09/2023,Sep,36,1129,2608,5.1,30.2,73.9,11.3,268.3,24.8
2023,04/09/2023,Sep,36,1130,2823,1.3,30,74,14.8,216.3,24.7
2023,05/09/2023,Sep,36,1131,2782,1.3,31.3,69.4,11.9,264.5,24.8
2023,06/09/2023,Sep,36,1132,2115,1.6,30.6,72.8,21.1,212.3,25
2023,07/09/2023,Sep,36,1133,2689,4.1,30.2,72.8,18.4,232.8,24.6
2023,08/09/2023,Sep,36,1134,1876,3.8,29,78.1,20.2,37.8,24.7
2023,09/09/2023,Sep,36,1135,2748,2.5,29.6,75.2,13.8,204,24.7
2023,10/09/2023,Sep,37,1136,2993,3.9,30.1,75.3,12.1,198.3,25.2
2023,11/09/2023,Sep,37,1137,2944,9.3,29.8,77,11.3,213.9,25.3
2023,12/09/2023,Sep,37,1138,2956,7.1,29.7,78.8,12.1,241.6,25.6
2023,13/09/2023,Sep,37,1139,2944,4.2,30.2,74,16.7,224.9,24.9
2023,14/09/2023,Sep,37,1140,2663,3.4,29.5,73.5,25.9,223.6,24.2
2023,15/09/2023,Sep,37,1141,2129,3.8,30.1,72.9,20.2,215.8,24.6
2023,16/09/2023,Sep,37,1142,2598,0.1,30.5,70.7,11.3,241.5,24.4
2023,17/09/2023,Sep,38,1143,3122,3.7,31,69.8,16.7,221.5,24.6
2023,18/09/2023,Sep,38,1144,3084,2.6,28.9,77.3,14.8,76,24.4
2023,19/09/2023,Sep,38,1145,3027,20.2,28.3,83.5,20.4,99.3,25.1
2023,20/09/2023,Sep,38,1146,3015,20.4,28.1,82.3,18.4,78,24.8
2023,21/09/2023,Sep,38,1147,2889,5.1,28.6,81.5,23.3,252.1,25.1
2023,22/09/2023,Sep,38,1148,2153,4.9,29,81.1,20.2,228.6,25.3
2023,23/09/2023,Sep,38,1149,2865,2.8,28.5,80.5,22.3,216.5,24.8
2023,24/09/2023,Sep,39,1150,3008,13,28.9,77.3,22.8,200.1,24.4
2023,25/09/2023,Sep,39,1151,3033,12,29.7,75.3,13.1,208.3,24.8
2023,26/09/2023,Sep,39,1152,3123,14.1,29.9,76.7,7.7,249.5,25.3
2023,27/09/2023,Sep,39,1153,2950,0,30.3,75,9.5,267.8,25.3
2023,28/09/2023,Sep,39,1154,2357,0,31.5,70.1,18.4,264.4,25.2
2023,29/09/2023,Sep,39,1155,1793,9.1,30.9,70.9,16.5,180.6,24.8
2023,30/09/2023,Sep,39,1156,2425,5.7,29.9,73.2,22.3,237.7,24.4
2023,01/10/2023,Oct,40,1157,2882,2.2,30.2,73.5,19.5,212.5,24.9
2023,02/10/2023,Oct,40,1158,2596,1.6,30,73.3,18.4,238.3,24.6
2023,03/10/2023,Oct,40,1159,2799,5.8,28.2,78.6,22.3,223.8,24.1
2023,04/10/2023,Oct,40,1160,2564,10.6,27.6,84.3,21.4,81.2,24.7
2023,05/10/2023,Oct,40,1161,2617,22.3,27.1,88.9,30.7,106,25.1
2023,06/10/2023,Oct,40,1162,1800,20.8,26.8,90.7,33.5,165.7,25.1
2023,07/10/2023,Oct,40,1163,2158,10.3,29.1,78.5,12.2,197.2,24.9
2023,08/10/2023,Oct,41,1164,2742,12,29.8,73.5,18.4,242.7,24.4
2023,09/10/2023,Oct,41,1165,2660,6.6,29.9,72.5,20.4,185.6,24.3
2023,10/10/2023,Oct,41,1166,2555,0,29.4,75.3,11.3,251.1,24.4
2023,11/10/2023,Oct,41,1167,2425,1,29.8,74.9,16.7,178.1,24.8
2023,12/10/2023,Oct,41,1168,2327,0.2,30.1,71.8,9.5,245.3,24.2
2023,13/10/2023,Oct,41,1169,1673,0.2,29.8,68.6,16.5,256.5,23.1
2023,14/10/2023,Oct,41,1170,2047,0,29.3,67.6,16.7,253.2,22.4
2023,15/10/2023,Oct,42,1171,2363,0,29.2,68.4,9.3,240.4,22.7
2023,16/10/2023,Oct,42,1172,2475,0.3,28.7,71.8,12.1,234.2,22.9
2023,17/10/2023,Oct,42,1173,2609,0,28.8,72.1,4.4,241.5,23
2023,18/10/2023,Oct,42,1174,2495,0,28.9,67.5,14.8,242.7,22
2023,19/10/2023,Oct,42,1175,2350,0,28.4,68.5,12.9,244.4,21.9
2023,20/10/2023,Oct,42,1176,1558,0,28.7,64.5,12.9,246.1,21.1
2023,21/10/2023,Oct,42,1177,1889,0,28.3,64.9,10.2,245.9,20.8
2023,22/10/2023,Oct,43,1178,2056,0,28.5,65,8.5,190.7,21.1
2023,23/10/2023,Oct,43,1179,2014,2.2,26.7,80.2,11.2,139.7,23
2023,24/10/2023,Oct,43,1180,1852,4,27.1,76.4,13.9,132.8,22.5
2023,25/10/2023,Oct,43,1181,1917,1.2,28.2,70.7,10.3,101.7,22.2
2023,26/10/2023,Oct,43,1182,1802,0.6,27.9,70.7,12.1,194.2,21.9
2023,27/10/2023,Oct,43,1183,1431,0.1,27.9,68.9,12.9,224.6,21.3
2023,28/10/2023,Oct,43,1184,1800,0,27.7,62.7,13.1,235.4,19.5
2023,29/10/2023,Oct,44,1185,1818,0,27.4,60.8,15.6,235.6,18.7
2023,30/10/2023,Oct,44,1186,1708,0,27.3,70.3,8.5,232,21.2
2023,31/10/2023,Oct,44,1187,1787,0,27.6,66.8,7.5,228.9,20.5
2023,01/11/2023,Nov,44,1188,1903,0,28.7,65.6,11.3,225.4,21.5
2023,02/11/2023,Nov,44,1189,1728,0,29.1,62.3,15.7,224.5,20.8
2023,03/11/2023,Nov,44,1190,1357,0,28.5,64.6,11.3,223.3,20.9
2023,04/11/2023,Nov,44,1191,1638,0,28.3,63.4,11.3,219.2,20.5
2023,05/11/2023,Nov,45,1192,2103,0,27.8,66.2,6.5,216.9,20.7
2023,06/11/2023,Nov,45,1193,1794,0,27.1,64.7,14.8,223.9,19.5
2023,07/11/2023,Nov,45,1194,1895,0,26.5,64.1,16.7,214.9,18.8
2023,08/11/2023,Nov,45,1195,1912,0,26.6,65,19.5,219.3,19.2
2023,09/11/2023,Nov,45,1196,1734,0,26.8,64.6,13,219,19.2
2023,10/11/2023,Nov,45,1197,1333,0,26.1,64.7,14.8,218.1,18.6
2023,11/11/2023,Nov,45,1198,1512,0,26.2,65.1,10.3,215.9,18.8
2023,12/11/2023,Nov,46,1199,1748,0,26.4,62.8,13.9,216.8,18.3
2023,13/11/2023,Nov,46,1200,1740,0,26.8,61.1,8.4,216,18.3
2023,14/11/2023,Nov,46,1201,1470,0,26.8,63.4,9.5,207.3,18.8
2023,15/11/2023,Nov,46,1202,1623,0.1,26.8,62.1,12.2,174.9,18.6
2023,16/11/2023,Nov,46,1203,1429,1.6,25.7,72.2,12,37.3,20.2
2023,17/11/2023,Nov,46,1204,956,40.2,22.8,88.5,24,6.4,20.7
2023,18/11/2023,Nov,46,1205,914,0.4,24.6,73.9,12.9,160.5,19.6
2023,19/11/2023,Nov,47,1206,1291,0.3,26,71,9.3,150.6,20.1
2023,20/11/2023,Nov,47,1207,1197,0,26.5,68.5,4.9,197.8,19.9
2023,21/11/2023,Nov,47,1208,1084,0,26.2,67.4,12.1,186.3,19.5
2023,22/11/2023,Nov,47,1209,1162,0,25.1,65,13.1,204.5,17.8
2023,23/11/2023,Nov,47,1210,1094,0,24.5,67,11.3,204.5,17.7
2023,24/11/2023,Nov,47,1211,645,0,24.3,70.7,2.8,203.3,18.4
2023,25/11/2023,Nov,47,1212,759,0,24.3,67.2,4.9,201.3,17.4
2023,26/11/2023,Nov,48,1213,971,0,24.7,63.1,5.4,203.7,16.6
2023,27/11/2023,Nov,48,1214,920,0,25.6,66.1,11.2,194.2,18.5
2023,28/11/2023,Nov,48,1215,959,0,26.1,65.8,7.6,196.1,18.9
2023,29/11/2023,Nov,48,1216,968,0,25.6,67.3,7.3,164.4,18.9
2023,30/11/2023,Nov,48,1217,877,0,25.3,66.9,7.5,194.9,18.4
2023,01/12/2023,Dec,48,1218,468,0,25.8,63.2,14.8,194.4,17.9
2023,02/12/2023,Dec,48,1219,605,0,25.5,63.9,9.4,180.3,18
2023,03/12/2023,Dec,49,1220,742,0,25.3,64.5,10.4,164.1,17.8
2023,04/12/2023,Dec,49,1221,682,0,25,66.3,8.4,123.6,18.1
2023,05/12/2023,Dec,49,1222,669,0,24.8,71,14.8,19.8,19.1
2023,06/12/2023,Dec,49,1223,566,0.1,24.5,75.9,20.2,19.4,19.9
2023,07/12/2023,Dec,49,1224,537,29,21.2,87.9,14.8,16.5,19.1
2023,08/12/2023,Dec,49,1225,251,0.4,21.9,82.3,14.8,105.4,18.6
2023,09/12/2023,Dec,49,1226,362,0,23,75.1,14.8,182.3,18.2
2023,10/12/2023,Dec,50,1227,459,0,21.6,77,12.1,194.5,17.2
2023,11/12/2023,Dec,50,1228,413,0,20.3,82.4,13.1,194.5,17.1
2023,12/12/2023,Dec,50,1229,311,0,20,86.7,8.4,191.8,17.6
2023,13/12/2023,Dec,50,1230,349,0,20.9,76.6,12.1,192.5,16.3
2023,14/12/2023,Dec,50,1231,308,0,19.9,68.7,7.6,196.2,13.6
2023,15/12/2023,Dec,50,1232,190,0,19.7,70,10.3,194.7,13.9
2023,16/12/2023,Dec,50,1233,179,0,20.4,72.1,8.4,191.9,15
2023,17/12/2023,Dec,51,1234,254,0,20.8,68.5,10.3,192.4,14.4
2023,18/12/2023,Dec,51,1235,239,0,21.1,68.5,8.5,189.4,14.8
2023,19/12/2023,Dec,51,1236,196,0,20.8,68.5,14.9,188.7,14.6
2023,20/12/2023,Dec,51,1237,207,0,21.1,70.8,10.2,190.7,15.3
2023,21/12/2023,Dec,51,1238,177,0,21.9,68.2,11.3,189.7,15.5
2023,22/12/2023,Dec,51,1239,103,0,22,71.2,9.5,187.3,16.3
2023,23/12/2023,Dec,51,1240,114,0,21.6,75.2,13.1,140.5,16.9
2023,24/12/2023,Dec,52,1241,188,0,21.7,75.4,6.5,190.5,17
2023,25/12/2023,Dec,52,1242,89,0,21.9,73.6,8.5,189.4,16.8
2023,26/12/2023,Dec,52,1243,152,0,21.7,72.8,6.4,188.7,16.3
2023,27/12/2023,Dec,52,1244,134,0,22,73.7,1.2,189.2,16.9
2023,28/12/2023,Dec,52,1245,110,0,22.2,70.6,9.4,190.1,16.4
2023,29/12/2023,Dec,52,1246,56,0,22.3,71.2,5.9,190.2,16.5
2023,30/12/2023,Dec,52,1247,72,0,22.2,70.8,7.5,190.3,16.3
2023,31/12/2023,Dec,53,1248,106,0,19.7,82,12,190.8,16.4
2024,01/01/2024,Jan,1,1249,85,0,19.5,80.7,13,193.3,15.9
2024,02/01/2024,Jan,1,1250,60,0,17.5,82.2,11.2,195.3,14.4
2024,03/01/2024,Jan,1,1251,70,0,17.6,81.8,9.4,197.5,14.4
2024,04/01/2024,Jan,1,1252,75,0,18.4,82.1,7.6,195.8,15.1
2024,05/01/2024,Jan,1,1253,33,0,17.5,87.6,7.6,198,15.4
2024,06/01/2024,Jan,1,1254,42,0,19.8,73.4,14.8,195.7,14.4
2024,07/01/2024,Jan,2,1255,13,0,20.4,69.8,11.2,196,14.4
2024,08/01/2024,Jan,2,1256,62,0,19.8,76.4,16.6,197.1,15.3
2024,09/01/2024,Jan,2,1257,45,0,19,79.9,13,201.3,15.3
2024,10/01/2024,Jan,2,1258,59,0,18.3,81,11.2,201.2,14.8
2024,11/01/2024,Jan,2,1259,46,0,17.6,79.4,20.5,203.8,13.9
2024,12/01/2024,Jan,2,1260,17,0,15.7,81.2,16.6,202.7,12.4
2024,13/01/2024,Jan,2,1261,25,0,15.9,79.8,13,204.3,12.4
2024,14/01/2024,Jan,3,1262,38,0,15.9,85.5,9.4,204.9,13.4
2024,15/01/2024,Jan,3,1263,33,0,17.3,79.4,14.8,207.4,13.5
2024,16/01/2024,Jan,3,1264,30,0,15.5,82.2,9.4,209.7,12.4
2024,17/01/2024,Jan,3,1265,23,0,14.8,87.5,11.2,208.7,12.7
2024,18/01/2024,Jan,3,1266,29,0,16.7,80.9,7.6,197.3,13.2
2024,19/01/2024,Jan,3,1267,18,0,19.4,73.3,11.2,206.2,14.3
2024,20/01/2024,Jan,3,1268,18,0,17.7,78.8,14.8,211.1,13.8
2024,21/01/2024,Jan,4,1269,32,0,17,79.7,13,208.3,13.3
2024,22/01/2024,Jan,4,1270,30,0,14,84.1,13,215.9,11.3
2024,23/01/2024,Jan,4,1271,24,0,15.8,81.1,11.2,216.3,12.4
2024,24/01/2024,Jan,4,1272,20,0,16.9,80.9,9.4,206.9,13.4
2024,25/01/2024,Jan,4,1273,18,0,18.4,79.4,13,214.9,14.6
2024,26/01/2024,Jan,4,1274,14,0,18.6,71.5,14.8,206.4,13.1
2024,27/01/2024,Jan,4,1275,22,0,17.4,65.1,14.8,214,10.3
2024,28/01/2024,Jan,5,1276,25,0,18.3,62.3,14.8,222.1,10.5
2024,29/01/2024,Jan,5,1277,14,0,18.2,58.8,14.8,213.9,9.5
2024,30/01/2024,Jan,5,1278,15,0,19.2,68.7,7.6,223.9,13
2024,31/01/2024,Jan,5,1279,20,0.3,20.8,69.1,13,200.5,14.7
2024,01/02/2024,Feb,5,1280,17,1.7,21.3,73.6,11.2,202.4,16.2
2024,02/02/2024,Feb,5,1281,11,0.3,21.5,76.5,13,219.9,17
2024,03/02/2024,Feb,5,1282,10,0,21.1,64.1,22.3,229.4,13.2
2024,04/02/2024,Feb,6,1283,28,0,20.6,60.4,18.4,229,12.3
2024,05/02/2024,Feb,6,1284,11,0,21,60,11.2,186.1,12.3
2024,06/02/2024,Feb,6,1285,22,0,21.4,67.6,9.4,190.8,15
2024,07/02/2024,Feb,6,1286,25,0,21.2,61.2,16.6,230.3,12.9
2024,08/02/2024,Feb,6,1287,20,0,19.4,56.4,16.6,238,10
2024,09/02/2024,Feb,6,1288,3,0,19.4,52.2,16.6,242.1,8.7
2024,10/02/2024,Feb,6,1289,8,0,20.5,60,16.6,239.1,11.8
2024,11/02/2024,Feb,7,1290,14,0,21.3,59.6,13,241,12.4
2024,12/02/2024,Feb,7,1291,7,0,22.1,54.4,13,239.6,11.4
2024,13/02/2024,Feb,7,1292,13,0,22.1,50.7,13,219,10.2
2024,14/02/2024,Feb,7,1293,8,0,22.5,59.5,9.4,209.3,13.6
2024,15/02/2024,Feb,7,1294,5,0.7,23.9,62.1,13,221.4,16
2024,16/02/2024,Feb,7,1295,3,0,23.8,63,18.4,245.6,15.7
2024,17/02/2024,Feb,7,1296,11,0,22.6,61.3,14.8,252,14.2
2024,18/02/2024,Feb,8,1297,7,0,22.4,61.2,11.2,252.7,13.6
2024,19/02/2024,Feb,8,1298,11,0,23.4,60.1,9.4,252.3,14.7
2024,20/02/2024,Feb,8,1299,6,0.3,23.9,75,14.8,238,19.1
2024,21/02/2024,Feb,8,1300,5,1.6,25.7,67.9,14.8,242.8,18.8
2024,22/02/2024,Feb,8,1301,16,4.2,23.8,79.9,22.3,205.8,20.1
2024,23/02/2024,Feb,8,1302,3,0.6,22.5,71.8,13,101.8,16.7
2024,24/02/2024,Feb,8,1303,11,0,23.5,65.3,11.2,256.3,16.1
2024,25/02/2024,Feb,9,1304,20,0,22.2,59.7,22.3,215,13.6
2024,26/02/2024,Feb,9,1305,6,0,22.5,51.9,14.8,260.5,10.8
2024,27/02/2024,Feb,9,1306,19,0,22.9,52,13,218.2,11.8
2024,28/02/2024,Feb,9,1307,9,0,24,50.1,9.4,262.8,12
2024,29/02/2024,Feb,9,1308,10,0,24.4,55.8,13,265.6,14.3
2024,01/03/2024,Mar,9,1309,4,0,24.7,50.7,18.4,272.7,12.6
2024,02/03/2024,Mar,9,1310,9,0,24.3,48.6,22.3,273.7,11.6
2024,03/03/2024,Mar,10,1311,10,0,24.9,53.6,18.4,268.8,14.2
2024,04/03/2024,Mar,10,1312,10,0,24.1,62.7,14.8,198.1,16.4
2024,05/03/2024,Mar,10,1313,3,0,25.4,55.6,18.4,273.4,15
2024,06/03/2024,Mar,10,1314,13,0,23.6,47.9,13,286.8,10.8
2024,07/03/2024,Mar,10,1315,12,0,23.5,44.1,14.8,285,9.8
2024,08/03/2024,Mar,10,1316,11,0,23.9,45.7,16.6,286.4,10.7
2024,09/03/2024,Mar,10,1317,6,0,24,45.1,16.6,291.2,10.4
2024,10/03/2024,Mar,11,1318,12,0,23.9,43.6,14.8,292.8,9.7
2024,11/03/2024,Mar,11,1319,10,0,25,46.9,11.2,290.5,12
2024,12/03/2024,Mar,11,1320,8,0,26.5,54.5,14.8,285.8,15.7
2024,13/03/2024,Mar,11,1321,8,0,28.2,57.7,18.4,286.2,17.3
2024,14/03/2024,Mar,11,1322,15,1.8,26.8,76.5,16.6,223.7,22.2
2024,15/03/2024,Mar,11,1323,2,0.3,27.4,64.2,12,264.6,19
2024,16/03/2024,Mar,11,1324,10,0.1,28.3,65.4,22.3,276.1,20.3
2024,17/03/2024,Mar,12,1325,9,0,27.3,60.4,37.1,284,18.4
2024,18/03/2024,Mar,12,1326,20,0,27.9,60.4,9.4,266.2,19.1
2024,19/03/2024,Mar,12,1327,19,0.1,26.7,63.9,20.5,270.1,18.8
2024,20/03/2024,Mar,12,1328,14,1.6,23.3,74.9,18.4,178.8,18.5
2024,21/03/2024,Mar,12,1329,11,6,22.5,75.7,20.5,211.5,17.8
2024,22/03/2024,Mar,12,1330,6,0.4,23.4,70,13,226.7,17
2024,23/03/2024,Mar,12,1331,4,0,25.7,66.4,16.6,294.6,18.1
2024,24/03/2024,Mar,13,1332,11,1.4,24.4,78.8,16.6,293,20.3
2024,25/03/2024,Mar,13,1333,10,0,26.6,75.1,22.3,290.3,21.6
2024,26/03/2024,Mar,13,1334,4,0.8,26.9,65.2,16.6,296.2,19.5
2024,27/03/2024,Mar,13,1335,14,0.3,27,73.1,16.6,259.5,21.6
2024,28/03/2024,Mar,13,1336,10,0.1,26.2,75.1,14.8,246,21.3
2024,29/03/2024,Mar,13,1337,4,0.1,26.8,77.2,13,239.5,22.3
2024,30/03/2024,Mar,13,1338,11,1.8,29.2,77.1,25.9,287,24.6
2024,31/03/2024,Mar,14,1339,21,0.3,27.5,73.9,33.5,261.8,22.2
2024,01/04/2024,Apr,14,1340,14,0,30.2,63.1,25.9,307,21.5
2024,02/04/2024,Apr,14,1341,10,0.3,29.9,67.3,24.1,306.8,22.3
2024,03/04/2024,Apr,14,1342,6,0.5,30.8,67.6,24.1,303.1,23.2
2024,04/04/2024,Apr,14,1343,11,0,30.2,71.5,25.9,306.9,24.2
2024,05/04/2024,Apr,14,1344,1,0,29.5,79.8,20.5,283.5,25.6
2024,06/04/2024,Apr,14,1345,9,0,31,70.5,18.4,304.3,24.5
2024,07/04/2024,Apr,15,1346,13,5,28.5,75.4,18.4,234,23.7
2024,08/04/2024,Apr,15,1347,5,0,27.3,67.3,11.2,275.2,20.5
2024,09/04/2024,Apr,15,1348,15,0,28.2,58,11.2,272.5,18.4
2024,10/04/2024,Apr,15,1349,0,0,29,64.9,11.2,253.5,21.3
2024,11/04/2024,Apr,15,1350,18,0,29.6,60.6,14.8,280.3,20.5
2024,12/04/2024,Apr,15,1351,2,0,31,49.8,11.2,270.6,18.3
2024,13/04/2024,Apr,15,1352,14,0,30.9,50.9,7.6,300.9,19.1
2024,14/04/2024,Apr,16,1353,8,0,31.1,50.6,9.4,314.5,19.2
2024,15/04/2024,Apr,16,1354,34,0,32,46.7,11.2,304.8,18.6
2024,16/04/2024,Apr,16,1355,34,0.1,30.5,60.1,22.3,193,21.4
2024,17/04/2024,Apr,16,1356,17,0,29.7,72.1,22.3,219,24
2024,18/04/2024,Apr,16,1357,23,3.2,30.2,68.8,18.4,319.7,23.5
2024,19/04/2024,Apr,16,1358,13,0.3,32.4,63.2,27.7,320.7,23.4
2024,20/04/2024,Apr,16,1359,17,0,33.3,59.7,22.3,328.2,22.7
2024,21/04/2024,Apr,17,1360,34,0,32.5,67.9,33.5,322.9,25.3
2024,22/04/2024,Apr,17,1361,37,0,32.7,65.9,27.7,283.1,24.7
2024,23/04/2024,Apr,17,1362,11,0,32.8,62.5,24.1,295.1,23.6
2024,24/04/2024,Apr,17,1363,33,0,33.2,52.6,16.6,312.7,21.1
2024,25/04/2024,Apr,17,1364,19,0,33.2,56.8,18.4,327.4,21.9
2024,26/04/2024,Apr,17,1365,8,0,32.6,67.8,20.5,330.4,25.2
2024,27/04/2024,Apr,17,1366,15,0,32.2,69.2,22.3,321.5,25.5
2024,28/04/2024,Apr,18,1367,31,0,33,68.4,22.3,321.6,25.7
2024,29/04/2024,Apr,18,1368,28,0,33.8,62,22.3,331.6,23.9
2024,30/04/2024,Apr,18,1369,24,0,33,67.7,27.7,304.4,25.8
2024,01/05/2024,May,18,1370,11,0,33.6,58.9,25.9,306.5,22.8
2024,02/05/2024,May,18,1371,19,9.4,33.2,57.8,18.4,267.7,22.7
2024,03/05/2024,May,18,1372,9,2,31.2,62.7,18.4,329.6,22.4
2024,04/05/2024,May,18,1373,13,0.9,32,64.2,22.3,312.8,23.8
